CustomerID,JoinDate,CancelDate,Age,Gender,Location,SubscriptionType,TotalSpent,BoxesReceived,EngagementScore,PaymentMode
BX00001,2024-02-27,,33,Male,Coimbatore,Quarterly,18116.29,28,44,UPI
BX00002,2025-03-10,2025-11-13,38,Female,Pune,Annual,4071.01,7,59,Other
BX00003,2025-10-29,,29,Female,Bengaluru,Monthly,7863.37,9,76,Card
BX00004,2025-10-14,,23,Male,Bengaluru,Monthly,8521.62,10,37,UPI
BX00005,2024-11-11,2025-06-24,35,Female,Coimbatore,Monthly,6602.75,8,72,UPI
BX00006,2024-04-15,,28,Male,Hyderabad,Monthly,21875.02,26,59,UPI
BX00007,2024-08-05,,36,Female,Mumbai,Monthly,17399.12,23,80,Card
BX00008,2025-01-24,,35,Male,Pune,Quarterly,12396.41,19,75,Card
BX00009,2026-04-03,,27,Female,Delhi,Monthly,2339.96,3,79,Card
BX00010,2024-07-27,2025-06-11,30,Male,Chennai,Monthly,7118.17,9,61,Card
BX00011,2025-09-13,2025-10-22,22,Female,Delhi,Monthly,1576.3,2,63,UPI
BX00012,2025-11-29,2026-06-27,45,Female,Chennai,Monthly,6935.47,8,93,UPI
BX00013,2024-01-24,2025-04-26,18,Female,Chennai,Annual,9721.49,16,48,UPI
BX00014,2024-05-28,2024-06-27,33,Male,Hyderabad,Monthly,764.04,1,82,UPI
BX00015,2025-07-27,,46,Female,Chennai,Annual,7023.6,11,47,PayPal
BX00016,2024-08-31,2024-11-18,22,Female,Mumbai,Monthly,2584.77,3,48,UPI
BX00017,2023-08-15,2024-07-25,32,Female,Hyderabad,Monthly,7576.07,10,63,Card
BX00018,2026-05-12,,46,Male,Bengaluru,Quarterly,699.1,1,39,Card
BX00019,2026-06-20,,34,Male,Chennai,Quarterly,1314.06,2,29,PayPal
BX00020,2025-04-18,,39,Female,Chennai,Monthly,11550.36,14,71,Other
BX00021,2025-01-06,2025-06-08,29,Female,Chennai,Quarterly,3797.68,5,56,PayPal
BX00022,2024-06-01,2024-07-17,18,Female,Chennai,Monthly,1570.06,2,25,Card
BX00023,2025-05-12,,41,Female,Kochi,Monthly,11038.85,15,95,Card
BX00024,2026-01-01,2026-04-10,27,Male,Coimbatore,Monthly,1444.96,2,63,Card
BX00025,2025-12-17,,33,Male,Pune,Quarterly,5236.62,7,73,Card
BX00026,2024-05-26,2024-11-22,30,Male,Hyderabad,Monthly,6043.41,7,51,Other
BX00027,2026-01-30,,26,Female,Pune,Quarterly,4162.8,6,63,UPI
BX00028,2026-02-15,,32,Male,Chennai,Monthly,3857.17,5,86,Card
BX00029,2024-08-26,,21,Male,Jaipur,Annual,14814.72,24,100,PayPal
BX00030,2026-02-05,,28,Female,Mumbai,Quarterly,4289.94,6,52,Card
BX00031,2023-12-13,,47,Male,Jaipur,Monthly,26230.94,31,41,Other
BX00032,2025-11-24,,31,Female,Chennai,Quarterly,4915.15,7,64,UPI
BX00033,2024-12-13,,34,Female,Pune,Annual,11195.74,19,74,UPI
BX00034,2025-07-11,,38,Male,Kochi,Quarterly,7147.36,11,64,Other
BX00035,2024-01-10,,21,Male,Kolkata,Quarterly,22243.9,29,45,UPI
BX00036,2024-09-06,,38,Male,Coimbatore,Quarterly,15237.5,22,43,PayPal
BX00037,2023-08-04,2023-10-03,19,Male,Delhi,Monthly,878.76,1,65,UPI
BX00038,2024-04-16,2024-07-19,32,Male,Kochi,Monthly,2879.87,4,60,Card
BX00039,2023-08-30,,18,Female,Bengaluru,Annual,21172.99,34,62,PayPal
BX00040,2025-11-13,2025-12-13,30,Male,Hyderabad,Quarterly,0.0,0,56,Other
BX00041,2024-03-17,2024-06-02,18,Male,Pune,Monthly,1688.79,2,28,UPI
BX00042,2024-12-05,,33,Male,Jaipur,Monthly,14113.59,19,48,UPI
BX00043,2026-05-16,,34,Male,Chennai,Monthly,2461.54,3,78,UPI
BX00044,2025-05-21,2026-02-22,23,Male,Hyderabad,Monthly,7481.52,9,43,UPI
BX00045,2024-02-22,,32,Male,Ahmedabad,Monthly,24267.94,29,87,PayPal
BX00046,2024-04-16,,36,Female,Hyderabad,Quarterly,16558.58,26,56,Card
BX00047,2026-04-05,2026-07-04,35,Male,Mumbai,Quarterly,2720.46,4,14,Other
BX00048,2023-11-30,,52,Female,Mumbai,Quarterly,21066.44,32,36,UPI
BX00049,2023-08-02,,37,Male,Coimbatore,Annual,21340.79,36,52,UPI
BX00050,2023-12-24,,44,Female,Delhi,Monthly,24201.91,32,52,Card
BX00051,2023-09-08,,26,Female,Delhi,Monthly,28090.75,34,30,UPI
BX00052,2025-07-01,,32,Male,Hyderabad,Monthly,10396.95,13,78,PayPal
BX00053,2026-02-08,2026-07-15,24,Female,Mumbai,Monthly,3093.0,4,37,Card
BX00054,2023-12-24,,29,Female,Delhi,Monthly,25431.67,31,67,Other
BX00055,2025-02-05,,43,Male,Ahmedabad,Annual,9949.85,18,53,UPI
BX00056,2023-11-16,,20,Female,Pune,Annual,19160.12,33,88,Card
BX00057,2026-02-17,,19,Female,Delhi,Annual,2746.31,5,41,UPI
BX00058,2023-09-20,,25,Female,Coimbatore,Monthly,28324.67,34,68,UPI
BX00059,2026-04-11,2026-07-14,23,Female,Coimbatore,Monthly,2349.71,3,76,PayPal
BX00060,2023-08-23,,43,Male,Coimbatore,Monthly,26705.6,35,100,PayPal
BX00061,2024-09-28,,20,Male,Mumbai,Quarterly,14909.24,23,88,UPI
BX00062,2024-10-10,2025-04-14,18,Male,Jaipur,Monthly,4923.0,6,64,Card
BX00063,2026-06-29,2026-07-17,28,Female,Ahmedabad,Monthly,1627.0,2,46,UPI
BX00064,2024-08-04,,24,Male,Mumbai,Monthly,20264.52,24,69,UPI
BX00065,2025-07-26,,36,Other,Kolkata,Annual,7166.99,13,65,UPI
BX00066,2026-05-14,2026-07-02,27,Female,Delhi,Monthly,0.0,0,40,Card
BX00067,2025-02-06,2025-08-10,21,Male,Chennai,Quarterly,3748.57,5,42,Card
BX00068,2025-03-16,2025-04-30,29,Female,Mumbai,Monthly,1511.15,2,42,Card
BX00069,2025-08-08,2026-01-23,37,Male,Delhi,Quarterly,2533.89,4,67,Card
BX00070,2025-08-12,,18,Male,Hyderabad,Quarterly,7822.22,12,68,UPI
BX00071,2026-06-16,,22,Male,Jaipur,Monthly,769.98,1,100,UPI
BX00072,2026-01-08,2026-03-10,34,Male,Delhi,Monthly,2511.38,3,53,Card
BX00073,2025-09-04,,33,Female,Chennai,Monthly,6477.66,9,50,Card
BX00074,2026-07-11,,47,Female,Chennai,Annual,0.0,0,76,UPI
BX00075,2024-05-16,,35,Female,Coimbatore,Monthly,22050.93,27,93,UPI
BX00076,2024-04-24,,34,Female,Kolkata,Quarterly,17663.61,28,54,UPI
BX00077,2025-02-04,,33,Male,Chennai,Annual,9528.11,17,71,Card
BX00078,2026-06-08,,20,Male,Kolkata,Annual,632.9,1,68,UPI
BX00079,2025-09-29,,20,Female,Kochi,Quarterly,6893.96,9,64,Card
BX00080,2023-08-16,,46,Female,Delhi,Monthly,29531.51,34,100,UPI
BX00081,2025-05-10,,39,Male,Delhi,Monthly,9854.35,13,76,Card
BX00082,2026-06-01,2026-07-01,30,Female,Mumbai,Monthly,872.4,1,34,UPI
BX00083,2024-06-28,,18,Male,Bengaluru,Monthly,22778.14,26,60,Other
BX00084,2024-10-29,2025-01-28,21,Male,Mumbai,Quarterly,2244.6,3,16,UPI
BX00085,2024-01-13,2024-03-17,23,Male,Mumbai,Monthly,2205.43,3,54,Card
BX00086,2024-02-09,,21,Male,Delhi,Monthly,21653.06,28,86,UPI
BX00087,2023-10-11,,43,Male,Bengaluru,Annual,20487.16,34,65,UPI
BX00088,2023-10-27,,28,Male,Chennai,Annual,18611.49,33,100,Card
BX00089,2026-04-19,,39,Male,Jaipur,Monthly,2247.06,3,90,Other
BX00090,2026-01-14,2026-04-02,34,Female,Delhi,Monthly,845.92,1,35,Card
BX00091,2025-10-21,2026-06-26,32,Male,Pune,Monthly,5740.97,7,35,UPI
BX00092,2024-06-17,,36,Male,Kolkata,Monthly,19346.64,25,45,Card
BX00093,2024-06-03,2025-05-16,37,Female,Chennai,Monthly,9402.26,12,52,UPI
BX00094,2025-10-07,,37,Female,Kochi,Monthly,6652.84,9,60,Card
BX00095,2024-11-14,,37,Female,Pune,Monthly,15928.91,21,56,UPI
BX00096,2026-02-18,2026-07-17,31,Male,Chennai,Monthly,3039.46,4,70,UPI
BX00097,2025-05-20,,40,Other,Delhi,Quarterly,10367.45,15,71,Other
BX00098,2025-05-20,2025-07-25,37,Male,Hyderabad,Monthly,2626.25,3,57,UPI
BX00099,2025-08-26,2026-02-26,29,Female,Delhi,Monthly,4247.53,5,67,PayPal
BX00100,2024-03-17,,25,Male,Mumbai,Quarterly,19141.66,28,92,Other
BX00101,2023-11-25,2024-02-27,22,Male,Delhi,Quarterly,1505.6,2,54,UPI
BX00102,2025-01-26,,18,Female,Bengaluru,Monthly,15797.31,18,65,Other
BX00103,2024-07-06,,30,Male,Kolkata,Annual,14251.66,23,100,Card
BX00104,2024-09-26,,37,Female,Coimbatore,Monthly,18097.93,21,91,Card
BX00105,2024-05-24,,31,Male,Bengaluru,Monthly,21072.12,25,75,Card
BX00106,2023-10-01,,28,Female,Bengaluru,Monthly,25687.28,35,48,UPI
BX00107,2025-03-02,2025-05-16,42,Male,Ahmedabad,Monthly,2198.52,3,74,Card
BX00108,2023-11-29,,40,Female,Delhi,Annual,21249.86,33,77,Other
BX00109,2024-09-24,,18,Male,Bengaluru,Quarterly,17133.41,23,42,UPI
BX00110,2025-03-16,,27,Male,Pune,Monthly,12131.75,15,56,UPI
BX00111,2026-01-12,2026-02-26,34,Female,Mumbai,Quarterly,653.14,1,52,PayPal
BX00112,2024-07-28,,44,Male,Jaipur,Monthly,17326.17,23,92,Card
BX00113,2025-07-04,2026-07-16,19,Male,Bengaluru,Monthly,9774.98,13,36,PayPal
BX00114,2025-05-20,,24,Male,Chennai,Monthly,12751.58,15,8,UPI
BX00115,2025-10-24,,38,Male,Delhi,Monthly,8754.86,10,61,UPI
BX00116,2024-01-24,2024-11-30,31,Male,Hyderabad,Monthly,7844.05,10,77,UPI
BX00117,2025-11-14,,31,Female,Jaipur,Monthly,5770.58,7,96,UPI
BX00118,2024-06-20,2024-08-22,25,Male,Mumbai,Monthly,1702.44,2,80,Other
BX00119,2024-04-28,,36,Female,Chennai,Annual,15224.09,28,73,UPI
BX00120,2023-07-27,2024-01-10,34,Male,Ahmedabad,Annual,3502.76,6,42,UPI
BX00121,2024-03-13,,32,Male,Ahmedabad,Monthly,20974.24,28,69,UPI
BX00122,2025-01-25,,31,Male,Chennai,Annual,10620.23,18,52,Card
BX00123,2023-10-05,2024-03-08,27,Male,Ahmedabad,Annual,2793.37,5,96,UPI
BX00124,2025-08-15,2026-03-16,30,Female,Chennai,Monthly,5222.89,6,54,UPI
BX00125,2026-07-10,,34,Other,Chennai,Quarterly,1268.24,2,56,UPI
BX00126,2025-03-09,,21,Female,Chennai,Quarterly,11192.69,15,55,Card
BX00127,2023-10-05,,37,Female,Bengaluru,Monthly,25521.51,35,57,Other
BX00128,2024-02-25,,38,Male,Mumbai,Annual,18368.35,28,100,PayPal
BX00129,2024-09-18,,18,Male,Ahmedabad,Monthly,17518.02,22,76,UPI
BX00130,2025-09-21,,29,Male,Delhi,Monthly,7352.4,9,65,Card
BX00131,2024-09-13,2024-12-22,35,Male,Lucknow,Monthly,3001.12,4,61,UPI
BX00132,2023-09-29,,33,Female,Pune,Monthly,26339.61,34,77,Card
BX00133,2026-05-25,2026-06-27,51,Male,Jaipur,Monthly,1577.15,2,56,Card
BX00134,2026-01-07,2026-04-09,36,Male,Jaipur,Monthly,1590.95,2,34,UPI
BX00135,2025-01-04,,34,Female,Bengaluru,Quarterly,12520.5,18,90,Card
BX00136,2026-03-29,,35,Female,Ahmedabad,Monthly,1649.94,2,83,UPI
BX00137,2024-08-05,,24,Male,Delhi,Annual,14452.63,23,59,Card
BX00138,2024-03-13,,41,Female,Ahmedabad,Annual,16320.63,29,90,Card
BX00139,2024-01-07,,36,Female,Ahmedabad,Quarterly,20687.09,31,59,Card
BX00140,2023-12-30,,30,Female,Kolkata,Monthly,23721.87,30,49,PayPal
BX00141,2025-12-30,,25,Male,Bengaluru,Monthly,3813.47,5,59,Card
BX00142,2024-06-29,,35,Male,Mumbai,Monthly,21441.85,25,65,Other
BX00143,2025-06-25,2025-08-03,18,Female,Kochi,Quarterly,708.53,1,83,UPI
BX00144,2023-10-05,,20,Male,Bengaluru,Quarterly,23556.6,35,54,UPI
BX00145,2026-07-15,2026-07-18,30,Female,Jaipur,Monthly,852.39,1,75,UPI
BX00146,2026-04-25,,24,Male,Coimbatore,Monthly,2270.08,3,54,Card
BX00147,2025-08-25,2025-09-29,20,Male,Delhi,Monthly,1620.75,2,52,Other
BX00148,2023-07-26,,34,Male,Hyderabad,Annual,19660.29,35,63,Card
BX00149,2024-08-31,,26,Male,Kochi,Quarterly,16680.05,22,56,Card
BX00150,2024-10-05,2025-04-07,21,Female,Chennai,Monthly,5931.62,7,25,Card
BX00151,2025-02-03,,28,Male,Chennai,Annual,9236.22,17,100,Card
BX00152,2025-05-24,2026-03-07,31,Female,Bengaluru,Annual,5041.15,8,42,Card
BX00153,2025-05-29,,33,Female,Kolkata,Monthly,10066.16,12,65,Card
BX00154,2026-01-05,,36,Male,Hyderabad,Monthly,5309.69,7,86,UPI
BX00155,2026-04-16,,27,Female,Bengaluru,Quarterly,1356.63,2,41,UPI
BX00156,2026-07-03,,47,Other,Chennai,Monthly,875.7,1,69,PayPal
BX00157,2024-09-13,2024-10-19,35,Female,Mumbai,Quarterly,698.39,1,62,Card
BX00158,2024-10-19,,36,Female,Chennai,Monthly,18443.08,22,44,PayPal
BX00159,2025-12-09,,19,Female,Ahmedabad,Monthly,4923.98,6,53,UPI
BX00160,2024-06-25,,33,Male,Delhi,Quarterly,17039.75,24,59,Card
BX00161,2026-01-13,2026-03-17,21,Female,Jaipur,Monthly,740.28,1,38,PayPal
BX00162,2023-10-11,,26,Female,Pune,Annual,19158.43,33,74,UPI
BX00163,2024-11-22,,29,Female,Bengaluru,Monthly,17975.04,21,97,Card
BX00164,2025-08-11,,33,Male,Bengaluru,Quarterly,7065.89,10,50,UPI
BX00165,2024-06-03,2024-07-11,51,Female,Chennai,Quarterly,0.0,0,42,UPI
BX00166,2023-08-31,,56,Male,Coimbatore,Monthly,31226.03,36,57,UPI
BX00167,2024-10-12,2025-07-19,32,Female,Kolkata,Monthly,6732.05,9,10,Card
BX00168,2024-11-26,,18,Male,Delhi,Quarterly,15973.91,21,23,Card
BX00169,2024-01-06,,30,Male,Pune,Monthly,26037.63,31,53,PayPal
BX00170,2025-01-19,,18,Male,Mumbai,Monthly,13655.73,17,58,UPI
BX00171,2026-07-10,2026-07-20,18,Female,Bengaluru,Monthly,0.0,0,43,UPI
BX00172,2024-07-07,2025-03-23,31,Female,Delhi,Quarterly,5287.65,8,41,UPI
BX00173,2024-04-26,2024-07-08,20,Male,Mumbai,Monthly,743.93,1,53,UPI
BX00174,2026-02-05,,36,Male,Chennai,Annual,3024.65,5,83,Card
BX00175,2026-04-06,2026-07-19,38,Female,Kolkata,Quarterly,1271.05,2,28,Card
BX00176,2024-04-18,,26,Male,Delhi,Quarterly,17373.72,27,58,UPI
BX00177,2025-04-11,,20,Male,Chennai,Monthly,13005.37,15,63,Card
BX00178,2025-01-29,,36,Male,Jaipur,Annual,10486.26,16,75,UPI
BX00179,2024-12-29,,35,Female,Pune,Quarterly,11512.57,18,82,UPI
BX00180,2026-05-03,2026-06-21,18,Male,Hyderabad,Monthly,836.42,1,42,Card
BX00181,2026-05-19,2026-07-18,45,Male,Coimbatore,Monthly,2191.45,3,37,UPI
BX00182,2024-07-28,,31,Male,Mumbai,Annual,15426.63,25,72,Card
BX00183,2026-05-30,2026-07-12,32,Female,Bengaluru,Monthly,802.5,1,52,Card
BX00184,2025-10-30,,31,Female,Mumbai,Quarterly,4789.34,7,83,PayPal
BX00185,2025-06-13,2025-11-20,31,Female,Pune,Monthly,3260.8,4,41,UPI
BX00186,2023-08-15,,34,Female,Pune,Annual,20040.47,36,100,Card
BX00187,2025-03-11,,41,Male,Delhi,Annual,8321.77,15,78,Card
BX00188,2024-12-22,,45,Male,Hyderabad,Monthly,15209.24,20,81,UPI
BX00189,2026-06-19,,18,Male,Mumbai,Annual,0.0,0,68,Card
BX00190,2024-02-11,2024-08-18,32,Male,Kolkata,Monthly,4661.01,6,46,PayPal
BX00191,2025-10-10,2026-03-09,36,Male,Kochi,Monthly,4896.14,6,49,UPI
BX00192,2026-05-12,2026-07-12,21,Other,Mumbai,Monthly,2284.14,3,58,Card
BX00193,2024-08-10,2024-09-14,18,Male,Mumbai,Monthly,0.0,0,30,Card
BX00194,2023-10-28,,32,Other,Jaipur,Monthly,27328.47,32,53,PayPal
BX00195,2025-11-05,,38,Female,Coimbatore,Monthly,5872.04,8,38,UPI
BX00196,2025-11-11,2026-04-23,37,Female,Ahmedabad,Quarterly,3330.88,5,36,UPI
BX00197,2026-04-20,,28,Female,Mumbai,Annual,1709.8,3,87,UPI
BX00198,2025-01-01,,32,Male,Hyderabad,Monthly,16600.71,19,87,PayPal
BX00199,2024-06-18,,27,Female,Bengaluru,Annual,15166.27,25,72,UPI
BX00200,2025-01-29,2025-03-10,24,Female,Coimbatore,Monthly,0.0,0,58,UPI
BX00201,2024-02-10,,37,Male,Bengaluru,Monthly,22119.61,30,95,Other
BX00202,2023-10-26,,24,Male,Mumbai,Monthly,28281.29,34,43,Card
BX00203,2024-04-24,,36,Female,Mumbai,Quarterly,17500.82,27,25,Card
BX00204,2026-03-07,2026-04-12,49,Female,Mumbai,Monthly,781.13,1,44,Card
BX00205,2024-05-07,,26,Female,Mumbai,Quarterly,17207.34,27,58,UPI
BX00206,2024-11-18,,38,Other,Delhi,Monthly,16694.09,20,67,PayPal
BX00207,2025-02-15,,31,Female,Ahmedabad,Annual,11559.05,18,82,UPI
BX00208,2024-06-24,,35,Male,Mumbai,Quarterly,15768.75,24,47,Card
BX00209,2025-05-16,2025-09-18,42,Female,Pune,Monthly,4199.95,5,38,UPI
BX00210,2026-05-26,,18,Male,Mumbai,Monthly,731.68,1,72,UPI
BX00211,2026-07-15,,29,Male,Mumbai,Monthly,1459.61,2,48,UPI
BX00212,2023-08-26,,39,Male,Lucknow,Monthly,28054.88,36,96,PayPal
BX00213,2025-04-17,,33,Male,Kolkata,Annual,7663.36,14,100,UPI
BX00214,2024-01-24,2024-04-07,27,Female,Chennai,Annual,604.78,1,54,UPI
BX00215,2024-10-03,,26,Female,Hyderabad,Annual,12905.66,20,94,UPI
BX00216,2024-08-08,,34,Male,Delhi,Monthly,17461.28,23,84,Card
BX00217,2024-11-27,2025-04-09,35,Female,Pune,Monthly,2630.56,3,33,Card
BX00218,2025-11-02,,40,Male,Pune,Quarterly,4655.8,7,28,Card
BX00219,2026-07-11,,44,Female,Pune,Quarterly,0.0,0,67,Card
BX00220,2024-04-17,,41,Female,Kolkata,Annual,15321.34,27,74,UPI
BX00221,2023-11-16,,23,Female,Chennai,Monthly,24092.17,33,69,UPI
BX00222,2025-09-23,,31,Female,Coimbatore,Quarterly,6401.12,9,35,UPI
BX00223,2026-06-03,2026-07-12,41,Female,Lucknow,Monthly,812.26,1,34,UPI
BX00224,2025-12-12,2026-05-23,26,Female,Pune,Quarterly,4344.19,6,65,Card
BX00225,2026-03-03,,45,Male,Kolkata,Annual,3213.1,5,95,UPI
BX00226,2024-11-21,,28,Male,Chennai,Monthly,15132.55,20,100,Card
BX00227,2025-01-25,,40,Female,Mumbai,Quarterly,12889.02,17,41,PayPal
BX00228,2023-09-15,,36,Female,Bengaluru,Annual,22345.13,35,100,Card
BX00229,2026-05-27,,27,Female,Jaipur,Monthly,1469.12,2,76,Card
BX00230,2023-11-29,2024-06-01,19,Male,Bengaluru,Monthly,5202.6,7,36,PayPal
BX00231,2025-05-27,,36,Female,Pune,Quarterly,9953.54,14,78,UPI
BX00232,2023-07-22,,30,Male,Hyderabad,Monthly,26882.42,36,91,Card
BX00233,2025-10-29,2026-04-16,24,Female,Delhi,Quarterly,4292.7,6,53,UPI
BX00234,2023-08-24,,44,Female,Pune,Monthly,24535.26,34,69,UPI
BX00235,2026-07-16,2026-07-17,31,Female,Hyderabad,Quarterly,656.31,1,72,Card
BX00236,2023-10-14,,27,Male,Bengaluru,Monthly,25125.35,34,78,Card
BX00237,2025-07-05,,23,Male,Delhi,Annual,7552.37,12,80,Card
BX00238,2024-12-03,,28,Female,Bengaluru,Quarterly,14005.86,19,35,Card
BX00239,2025-01-11,,18,Male,Kochi,Annual,11713.19,18,75,UPI
BX00240,2024-03-28,,32,Female,Mumbai,Monthly,23774.15,29,100,UPI
BX00241,2026-03-20,,23,Male,Bengaluru,Annual,3212.39,5,58,Card
BX00242,2025-04-11,,31,Female,Ahmedabad,Quarterly,10264.69,14,69,UPI
BX00243,2025-12-29,,42,Male,Hyderabad,Monthly,5308.85,7,68,UPI
BX00244,2024-09-25,2024-12-30,22,Female,Chennai,Quarterly,2097.41,3,30,UPI
BX00245,2025-04-20,,24,Female,Mumbai,Annual,10042.45,16,68,Card
BX00246,2024-09-19,,23,Male,Hyderabad,Annual,12297.36,22,78,PayPal
BX00247,2025-07-28,,28,Male,Kochi,Quarterly,7640.41,11,57,PayPal
BX00248,2023-10-10,,45,Male,Pune,Annual,19180.19,32,53,Other
BX00249,2024-04-22,,33,Female,Hyderabad,Annual,17093.92,27,61,Card
BX00250,2024-02-23,,27,Female,Chennai,Monthly,21695.11,29,89,UPI
BX00251,2025-02-25,,45,Female,Chennai,Annual,9020.98,16,80,Card
BX00252,2025-02-24,,18,Male,Bengaluru,Quarterly,13512.27,18,39,UPI
BX00253,2025-05-23,,35,Female,Pune,Annual,7701.76,13,63,UPI
BX00254,2024-03-17,,34,Other,Bengaluru,Quarterly,20873.44,29,79,UPI
BX00255,2023-10-31,,32,Male,Chennai,Monthly,27352.33,33,76,UPI
BX00256,2024-12-05,,22,Male,Coimbatore,Monthly,16385.14,20,49,Card
BX00257,2025-05-18,2026-01-14,22,Female,Lucknow,Monthly,6710.29,9,59,Card
BX00258,2024-02-08,,37,Male,Chennai,Quarterly,18741.4,28,77,UPI
BX00259,2026-04-28,,38,Female,Lucknow,Quarterly,1320.26,2,78,UPI
BX00260,2025-10-05,,37,Female,Kolkata,Quarterly,6652.03,9,60,UPI
BX00261,2023-09-10,,21,Male,Bengaluru,Quarterly,23878.99,35,81,UPI
BX00262,2024-09-06,,26,Male,Ahmedabad,Annual,12363.72,21,76,UPI
BX00263,2024-12-04,,36,Male,Delhi,Monthly,14731.36,18,74,UPI
BX00264,2023-08-30,,33,Male,Chennai,Monthly,26073.84,35,57,Card
BX00265,2023-07-23,2023-12-07,38,Male,Hyderabad,Monthly,4089.01,5,72,UPI
BX00266,2026-02-26,,53,Male,Lucknow,Monthly,2971.79,4,75,Other
BX00267,2024-10-10,2024-12-27,31,Female,Lucknow,Monthly,743.87,1,41,Card
BX00268,2024-12-02,,43,Male,Kolkata,Annual,11585.38,19,76,UPI
BX00269,2023-09-25,,23,Male,Kolkata,Quarterly,24326.98,35,80,Card
BX00270,2025-07-21,2025-12-20,21,Male,Chennai,Annual,2538.97,4,35,Other
BX00271,2024-12-16,2025-05-03,30,Male,Ahmedabad,Monthly,4232.51,5,49,Other
BX00272,2026-04-17,,20,Female,Bengaluru,Monthly,3176.27,4,69,UPI
BX00273,2024-02-07,,31,Female,Hyderabad,Annual,17765.69,29,82,Card
BX00274,2026-03-06,2026-04-23,48,Female,Chennai,Monthly,1537.13,2,72,UPI
BX00275,2026-02-11,,33,Male,Pune,Monthly,4549.37,6,96,UPI
BX00276,2024-07-19,,43,Female,Hyderabad,Monthly,19340.22,23,65,UPI
BX00277,2025-04-19,2025-05-25,34,Female,Jaipur,Monthly,761.76,1,36,PayPal
BX00278,2023-12-23,,19,Male,Ahmedabad,Monthly,24534.67,30,46,Card
BX00279,2025-09-02,,40,Female,Mumbai,Annual,5348.93,9,81,UPI
BX00280,2026-06-24,,25,Male,Kochi,Monthly,1635.5,2,65,Card
BX00281,2025-01-14,,45,Male,Pune,Monthly,13337.69,17,95,Card
BX00282,2024-11-21,,51,Male,Chennai,Annual,11011.09,19,100,UPI
BX00283,2026-04-09,,40,Male,Bengaluru,Monthly,2255.7,3,57,UPI
BX00284,2024-07-02,,40,Female,Kochi,Annual,13727.77,25,30,UPI
BX00285,2023-09-11,,31,Female,Bengaluru,Annual,20962.43,34,81,Card
BX00286,2024-07-18,,35,Male,Bengaluru,Quarterly,16634.32,23,75,Card
BX00287,2024-01-12,,27,Male,Mumbai,Monthly,21451.14,29,100,UPI
BX00288,2025-03-06,,20,Male,Kochi,Monthly,11650.87,16,62,UPI
BX00289,2026-01-30,,31,Male,Bengaluru,Annual,2497.45,4,68,PayPal
BX00290,2025-10-03,2026-03-17,23,Male,Pune,Monthly,4613.84,6,69,Other
BX00291,2023-09-30,2023-11-12,22,Male,Kolkata,Quarterly,728.46,1,64,Other
BX00292,2025-07-26,,21,Male,Kochi,Monthly,10369.37,13,58,Card
BX00293,2024-04-28,,33,Male,Kolkata,Annual,16345.83,27,88,UPI
BX00294,2023-08-20,,34,Male,Hyderabad,Monthly,29429.91,34,75,UPI
BX00295,2026-04-27,2026-07-15,37,Male,Chennai,Monthly,1485.0,2,43,UPI
BX00296,2026-01-22,,23,Male,Mumbai,Monthly,3706.57,5,73,PayPal
BX00297,2024-01-22,2024-03-30,22,Male,Pune,Monthly,1529.24,2,99,Card
BX00298,2026-05-31,,25,Female,Hyderabad,Annual,0.0,0,50,PayPal
BX00299,2024-08-03,,37,Other,Hyderabad,Monthly,16905.64,22,81,UPI
BX00300,2023-11-10,2024-01-15,37,Male,Kolkata,Monthly,2224.5,3,44,Other
BX00301,2025-03-20,,19,Female,Kolkata,Quarterly,10944.86,17,77,UPI
BX00302,2026-01-25,2026-07-06,35,Male,Chennai,Monthly,4058.14,5,66,UPI
BX00303,2025-09-17,,40,Female,Ahmedabad,Monthly,7599.99,10,35,Other
BX00304,2024-07-05,,19,Male,Chennai,Monthly,20158.99,25,77,UPI
BX00305,2026-05-12,2026-07-13,37,Male,Kolkata,Monthly,2447.0,3,48,PayPal
BX00306,2023-10-03,2024-10-15,32,Female,Hyderabad,Monthly,10322.68,12,58,Card
BX00307,2025-02-15,,33,Male,Coimbatore,Monthly,14639.8,18,17,UPI
BX00308,2025-12-09,,29,Male,Chennai,Monthly,5571.31,7,67,UPI
BX00309,2025-03-26,,25,Male,Mumbai,Quarterly,11513.73,16,51,Card
BX00310,2025-08-19,,26,Female,Chennai,Annual,7136.41,11,84,UPI
BX00311,2023-08-02,,39,Male,Kochi,Annual,24133.42,37,91,UPI
BX00312,2025-03-14,,29,Male,Kolkata,Annual,9389.07,17,68,UPI
BX00313,2023-10-11,,32,Male,Coimbatore,Monthly,25057.67,33,78,UPI
BX00314,2025-02-05,2025-03-21,18,Female,Chennai,Monthly,0.0,0,53,PayPal
BX00315,2024-08-11,,18,Female,Delhi,Monthly,19559.06,23,43,UPI
BX00316,2024-01-03,2024-02-13,27,Other,Bengaluru,Monthly,1451.12,2,44,Card
BX00317,2024-02-12,,31,Male,Kolkata,Quarterly,18877.16,30,50,Card
BX00318,2025-03-25,,36,Female,Jaipur,Annual,8638.47,16,83,Card
BX00319,2025-12-02,2026-01-10,30,Female,Pune,Monthly,807.42,1,28,UPI
BX00320,2024-05-27,,18,Female,Jaipur,Quarterly,18900.89,26,65,UPI
BX00321,2024-06-07,,27,Female,Bengaluru,Monthly,18493.4,25,48,PayPal
BX00322,2026-04-02,,21,Female,Delhi,Annual,1875.41,3,91,UPI
BX00323,2025-02-09,,56,Female,Kolkata,Monthly,15586.95,18,68,UPI
BX00324,2025-02-19,,19,Male,Hyderabad,Quarterly,11897.18,17,100,UPI
BX00325,2025-01-02,2026-02-26,40,Male,Coimbatore,Monthly,11392.22,14,48,Card
BX00326,2024-03-27,,22,Female,Hyderabad,Annual,18441.31,28,33,Card
BX00327,2024-12-28,,18,Female,Hyderabad,Monthly,17340.99,20,62,UPI
BX00328,2025-01-17,,28,Female,Hyderabad,Annual,11342.09,19,100,PayPal
BX00329,2026-02-18,2026-07-18,33,Female,Bengaluru,Monthly,3365.86,4,42,UPI
BX00330,2023-10-10,,28,Female,Jaipur,Annual,20968.37,33,93,Card
BX00331,2024-06-06,,35,Male,Chennai,Annual,14379.48,24,80,Card
BX00332,2023-12-11,,24,Male,Bengaluru,Monthly,25338.81,31,54,PayPal
BX00333,2024-07-14,,45,Female,Mumbai,Monthly,18196.59,23,64,PayPal
BX00334,2024-05-20,2025-01-30,32,Female,Kochi,Quarterly,5691.56,8,52,Card
BX00335,2025-06-27,2026-01-28,40,Male,Coimbatore,Monthly,4687.89,6,74,Card
BX00336,2024-08-08,2025-01-18,46,Male,Bengaluru,Monthly,4369.53,6,83,Card
BX00337,2024-04-20,,34,Female,Kolkata,Monthly,21900.14,27,100,Card
BX00338,2025-11-26,,21,Male,Mumbai,Quarterly,5092.45,8,97,UPI
BX00339,2025-11-01,,27,Male,Delhi,Monthly,5460.35,7,99,Card
BX00340,2026-07-11,2026-07-17,18,Male,Hyderabad,Quarterly,1275.21,2,35,Card
BX00341,2025-09-13,,28,Female,Delhi,Quarterly,8230.58,11,82,PayPal
BX00342,2024-01-19,2024-11-26,36,Female,Jaipur,Monthly,8347.65,11,48,UPI
BX00343,2026-06-09,,30,Female,Kochi,Quarterly,0.0,0,89,UPI
BX00344,2024-04-26,,38,Male,Bengaluru,Annual,16746.39,26,88,Card
BX00345,2024-04-20,2024-08-18,27,Male,Hyderabad,Monthly,3727.4,5,53,Other
BX00346,2024-10-29,,18,Male,Bengaluru,Monthly,18037.3,22,55,Other
BX00347,2024-08-14,,21,Female,Coimbatore,Quarterly,17561.98,23,89,Card
BX00348,2025-08-13,2025-10-30,42,Female,Bengaluru,Monthly,2168.47,3,39,Card
BX00349,2024-07-11,2024-09-19,36,Female,Pune,Quarterly,631.92,1,72,Card
BX00350,2026-05-12,2026-07-17,33,Female,Jaipur,Quarterly,1336.44,2,71,UPI
BX00351,2025-03-23,,56,Female,Pune,Monthly,11572.34,15,89,Other
BX00352,2025-04-01,,18,Male,Pune,Monthly,10882.24,15,69,UPI
BX00353,2023-10-07,,29,Female,Pune,Quarterly,21850.3,33,54,Card
BX00354,2024-11-18,,37,Male,Mumbai,Monthly,16639.16,20,87,Card
BX00355,2024-03-19,2024-05-06,18,Male,Kolkata,Monthly,0.0,0,41,Card
BX00356,2024-08-30,,47,Other,Delhi,Monthly,19900.82,23,95,UPI
BX00357,2025-09-14,,18,Other,Chennai,Annual,6185.65,10,56,UPI
BX00358,2023-12-24,2024-06-06,33,Female,Pune,Monthly,4823.09,6,64,Card
BX00359,2025-08-18,,27,Female,Kochi,Monthly,9370.11,12,69,UPI
BX00360,2025-11-14,2026-02-20,28,Female,Hyderabad,Quarterly,1408.24,2,34,PayPal
BX00361,2025-03-26,,29,Female,Hyderabad,Quarterly,10155.12,15,67,UPI
BX00362,2024-05-05,2024-09-16,55,Male,Chennai,Monthly,2577.13,3,37,Card
BX00363,2023-11-21,,34,Female,Jaipur,Quarterly,19961.49,31,27,UPI
BX00364,2026-05-07,,36,Male,Kolkata,Monthly,1484.01,2,47,Other
BX00365,2025-06-06,,33,Female,Bengaluru,Monthly,9879.12,12,53,Card
BX00366,2024-03-17,,24,Female,Bengaluru,Monthly,23714.19,27,57,Other
BX00367,2024-04-12,2024-05-12,33,Male,Mumbai,Monthly,0.0,0,52,Card
BX00368,2024-08-16,2025-01-24,26,Male,Delhi,Monthly,3237.64,4,51,UPI
BX00369,2026-03-27,,31,Male,Chennai,Quarterly,1480.89,2,44,Other
BX00370,2024-09-20,,34,Female,Delhi,Annual,12187.07,22,100,UPI
BX00371,2026-03-28,,37,Female,Mumbai,Annual,1790.01,3,75,Card
BX00372,2024-11-15,,27,Male,Mumbai,Quarterly,15642.51,21,79,PayPal
BX00373,2025-01-04,,35,Female,Delhi,Annual,10513.26,19,53,UPI
BX00374,2025-11-10,2026-04-16,33,Female,Jaipur,Monthly,4054.11,5,63,Card
BX00375,2025-07-01,,25,Male,Mumbai,Quarterly,7868.96,11,52,Card
BX00376,2025-03-03,,24,Male,Ahmedabad,Annual,9203.87,15,48,UPI
BX00377,2025-04-29,2025-12-06,28,Male,Pune,Quarterly,5612.78,8,85,Card
BX00378,2024-07-04,2024-08-08,39,Female,Hyderabad,Quarterly,753.11,1,25,UPI
BX00379,2025-12-12,,19,Male,Hyderabad,Monthly,6299.23,8,47,UPI
BX00380,2025-06-07,,31,Male,Hyderabad,Annual,6517.34,12,58,UPI
BX00381,2025-02-20,,39,Male,Chennai,Quarterly,11735.71,17,80,UPI
BX00382,2025-03-01,,36,Male,Kochi,Monthly,13704.46,16,50,UPI
BX00383,2024-05-23,,30,Male,Chennai,Monthly,21955.2,25,75,Card
BX00384,2025-09-02,,27,Female,Pune,Annual,6851.8,11,75,UPI
BX00385,2023-12-08,2024-01-19,27,Female,Chennai,Monthly,1527.62,2,38,UPI
BX00386,2025-08-07,,36,Female,Bengaluru,Monthly,8383.4,10,61,UPI
BX00387,2025-11-02,2026-01-14,36,Male,Delhi,Monthly,730.47,1,60,Other
BX00388,2025-08-03,,34,Male,Chennai,Monthly,8967.58,12,59,UPI
BX00389,2025-05-12,2025-08-19,30,Other,Chennai,Quarterly,2162.14,3,57,UPI
BX00390,2024-10-25,2025-03-29,43,Male,Hyderabad,Quarterly,2620.83,4,27,UPI
BX00391,2024-01-02,,43,Male,Chennai,Monthly,24459.04,32,47,PayPal
BX00392,2026-03-20,,21,Female,Delhi,Annual,2543.08,4,80,PayPal
BX00393,2024-12-26,2025-02-09,26,Male,Delhi,Annual,0.0,0,67,Card
BX00394,2024-02-22,,27,Male,Lucknow,Quarterly,20783.82,28,69,UPI
BX00395,2026-01-04,,18,Female,Hyderabad,Quarterly,3784.85,6,85,Card
BX00396,2023-08-19,,38,Male,Jaipur,Quarterly,22033.48,35,75,UPI
BX00397,2025-04-27,2025-07-12,41,Female,Coimbatore,Monthly,837.58,1,97,PayPal
BX00398,2023-09-24,2024-03-07,39,Male,Jaipur,Monthly,4243.97,5,97,Card
BX00399,2024-11-30,2025-11-12,23,Female,Jaipur,Quarterly,8292.56,11,61,UPI
BX00400,2023-09-16,,23,Male,Delhi,Quarterly,25662.33,35,83,Card
BX00401,2026-06-27,,38,Female,Bengaluru,Monthly,0.0,0,82,Card
BX00402,2024-01-19,2024-11-24,47,Male,Kochi,Monthly,8443.15,11,54,Card
BX00403,2024-05-06,,46,Female,Bengaluru,Quarterly,17012.11,26,46,UPI
BX00404,2025-01-29,,35,Female,Ahmedabad,Quarterly,12121.72,16,67,Card
BX00405,2025-09-10,,31,Male,Mumbai,Monthly,8850.03,11,73,Card
BX00406,2025-02-04,,30,Female,Mumbai,Monthly,12732.01,17,100,Card
BX00407,2025-12-14,,22,Male,Mumbai,Annual,5107.06,8,51,Card
BX00408,2024-01-05,,36,Male,Chennai,Monthly,24181.23,31,46,UPI
BX00409,2025-05-14,,25,Male,Coimbatore,Annual,7797.27,14,84,UPI
BX00410,2024-08-17,2024-11-21,21,Female,Delhi,Monthly,3026.92,4,92,PayPal
BX00411,2026-07-12,2026-07-19,29,Female,Chennai,Monthly,1690.82,2,42,Card
BX00412,2025-06-17,,48,Male,Ahmedabad,Monthly,12295.94,14,76,Card
BX00413,2026-02-07,2026-04-23,32,Male,Delhi,Monthly,1479.95,2,43,UPI
BX00414,2025-10-22,2026-07-18,24,Male,Ahmedabad,Monthly,6134.46,8,57,UPI
BX00415,2026-05-02,,23,Male,Delhi,Quarterly,2173.07,3,85,Card
BX00416,2026-02-14,,37,Female,Mumbai,Quarterly,3750.62,5,52,Card
BX00417,2025-08-08,,48,Male,Chennai,Annual,6262.52,11,62,UPI
BX00418,2024-12-21,,31,Male,Kolkata,Monthly,16696.25,20,60,Card
BX00419,2026-03-07,,36,Other,Bengaluru,Monthly,3625.19,5,73,UPI
BX00420,2025-08-30,,39,Male,Kochi,Monthly,7317.35,10,54,UPI
BX00421,2025-10-14,,24,Female,Ahmedabad,Annual,6484.46,10,77,UPI
BX00422,2023-08-28,,31,Male,Delhi,Quarterly,22253.61,34,75,Card
BX00423,2024-08-26,,33,Female,Jaipur,Annual,12999.42,23,56,Card
BX00424,2025-09-18,2026-07-18,24,Female,Mumbai,Quarterly,6592.07,10,62,Other
BX00425,2024-05-20,2024-10-03,29,Female,Chennai,Quarterly,2668.1,4,45,UPI
BX00426,2024-07-12,2024-12-15,24,Male,Kolkata,Monthly,3512.28,4,74,PayPal
BX00427,2025-03-15,,40,Male,Delhi,Annual,10961.15,17,55,Card
BX00428,2024-10-10,,39,Male,Kolkata,Annual,13361.16,21,100,Card
BX00429,2023-08-30,2024-03-10,36,Male,Chennai,Monthly,5085.78,7,39,UPI
BX00430,2026-05-20,,45,Other,Mumbai,Monthly,758.18,1,83,UPI
BX00431,2024-12-19,,37,Male,Pune,Monthly,15012.08,19,87,Card
BX00432,2026-06-26,,26,Male,Chennai,Monthly,809.7,1,67,Card
BX00433,2026-04-03,,48,Female,Hyderabad,Monthly,2921.25,4,76,Card
BX00434,2025-05-22,2026-07-19,27,Male,Pune,Monthly,9620.87,13,45,UPI
BX00435,2025-03-16,,38,Male,Ahmedabad,Monthly,12869.22,15,46,Card
BX00436,2025-12-30,,20,Female,Mumbai,Monthly,5106.65,7,45,Other
BX00437,2024-01-14,,30,Female,Jaipur,Monthly,22600.57,30,68,UPI
BX00438,2026-05-26,2026-06-25,26,Male,Chennai,Monthly,878.52,1,43,PayPal
BX00439,2024-06-23,2024-11-08,42,Female,Kochi,Monthly,3847.85,5,12,Card
BX00440,2025-04-02,,22,Male,Coimbatore,Quarterly,11145.08,15,42,UPI
BX00441,2024-02-02,,29,Female,Delhi,Quarterly,20668.15,30,52,Card
BX00442,2024-08-17,,40,Female,Hyderabad,Quarterly,16478.33,24,77,UPI
BX00443,2024-02-09,,23,Male,Ahmedabad,Annual,16788.07,29,48,PayPal
BX00444,2023-08-07,,33,Male,Chennai,Monthly,28159.04,36,62,Card
BX00445,2023-08-29,2023-11-01,33,Female,Chennai,Quarterly,1434.41,2,18,Card
BX00446,2024-12-10,2025-01-13,29,Female,Kochi,Monthly,820.63,1,72,UPI
BX00447,2024-06-05,2026-04-07,18,Female,Hyderabad,Monthly,18754.33,23,31,Card
BX00448,2025-05-05,2025-11-14,22,Female,Chennai,Quarterly,4874.32,7,36,Card
BX00449,2025-06-13,,30,Female,Ahmedabad,Monthly,9726.38,12,73,PayPal
BX00450,2024-03-17,,48,Female,Bengaluru,Monthly,23781.0,28,74,UPI
BX00451,2025-07-11,,35,Female,Delhi,Monthly,8510.13,11,76,Card
BX00452,2026-02-22,,48,Female,Mumbai,Quarterly,2602.37,4,59,Card
BX00453,2024-09-12,,47,Female,Bengaluru,Annual,13335.43,21,76,UPI
BX00454,2024-05-28,2024-07-11,26,Female,Kolkata,Monthly,776.77,1,18,UPI
BX00455,2024-04-13,2024-12-21,34,Male,Delhi,Monthly,6553.92,8,41,Card
BX00456,2023-09-25,,29,Female,Hyderabad,Monthly,29397.22,34,35,Card
BX00457,2025-05-11,2025-09-20,36,Male,Mumbai,Monthly,2327.66,3,43,UPI
BX00458,2025-08-30,,21,Male,Delhi,Monthly,6711.56,9,59,Card
BX00459,2025-11-07,,34,Female,Pune,Quarterly,5114.39,7,73,Card
BX00460,2024-03-01,,23,Female,Delhi,Quarterly,20796.09,29,60,UPI
BX00461,2026-03-10,,49,Male,Mumbai,Quarterly,2107.4,3,57,UPI
BX00462,2023-09-10,,41,Female,Bengaluru,Annual,19363.56,33,89,Card
BX00463,2024-07-02,,18,Male,Coimbatore,Monthly,17719.72,24,94,PayPal
BX00464,2025-03-24,2025-05-27,27,Female,Hyderabad,Quarterly,2102.43,3,66,UPI
BX00465,2024-10-16,,43,Male,Hyderabad,Monthly,15850.53,21,51,UPI
BX00466,2024-10-17,,31,Male,Kolkata,Monthly,16489.07,21,80,UPI
BX00467,2023-08-10,,27,Female,Mumbai,Monthly,29083.94,36,49,UPI
BX00468,2026-01-03,,32,Female,Kochi,Quarterly,3460.43,5,56,Card
BX00469,2024-10-26,2025-04-06,34,Female,Coimbatore,Monthly,4366.16,6,56,UPI
BX00470,2025-11-07,,22,Male,Delhi,Quarterly,5300.78,7,68,Other
BX00471,2024-03-12,2024-04-25,33,Male,Bengaluru,Monthly,809.06,1,94,Card
BX00472,2025-11-16,,40,Male,Coimbatore,Annual,4397.1,8,73,UPI
BX00473,2025-02-17,,38,Male,Chennai,Monthly,14777.01,17,73,Card
BX00474,2024-06-12,,23,Female,Kolkata,Monthly,22175.04,26,66,Card
BX00475,2023-08-09,2023-12-17,32,Male,Bengaluru,Monthly,3430.06,4,53,Card
BX00476,2023-09-19,,28,Female,Hyderabad,Quarterly,25254.77,33,64,UPI
BX00477,2026-03-11,,42,Female,Hyderabad,Monthly,2889.0,4,76,Card
BX00478,2024-01-24,,37,Male,Chennai,Monthly,22933.41,29,57,Card
BX00479,2024-10-07,2025-10-20,35,Male,Chennai,Monthly,7917.92,11,36,Card
BX00480,2024-07-14,2025-07-17,39,Female,Jaipur,Monthly,8895.19,12,57,Card
BX00481,2025-03-31,2025-10-10,36,Male,Delhi,Quarterly,3325.93,5,56,PayPal
BX00482,2026-01-10,,31,Female,Pune,Monthly,4463.08,6,78,PayPal
BX00483,2023-12-09,,18,Male,Mumbai,Annual,20414.8,32,91,PayPal
BX00484,2025-10-12,,30,Female,Hyderabad,Quarterly,6135.72,8,59,Card
BX00485,2026-02-13,2026-07-19,18,Male,Ahmedabad,Quarterly,4264.03,6,11,Other
BX00486,2025-11-02,2026-03-02,49,Male,Chennai,Quarterly,3351.39,5,25,Card
BX00487,2024-05-29,2024-11-07,33,Male,Bengaluru,Monthly,4397.52,6,44,UPI
BX00488,2024-07-15,2024-08-19,20,Male,Bengaluru,Monthly,1517.06,2,37,Card
BX00489,2024-05-11,2025-02-21,18,Female,Kolkata,Quarterly,6388.04,10,57,UPI
BX00490,2024-06-12,,43,Female,Bengaluru,Annual,16908.09,26,75,UPI
BX00491,2026-04-07,,26,Male,Coimbatore,Quarterly,2286.5,3,53,UPI
BX00492,2026-03-16,,38,Female,Mumbai,Monthly,3039.8,4,100,UPI
BX00493,2025-08-06,,46,Female,Bengaluru,Quarterly,6411.23,10,65,Card
BX00494,2025-11-21,2026-01-25,35,Female,Hyderabad,Monthly,829.02,1,18,Card
BX00495,2023-12-01,2024-01-11,25,Male,Mumbai,Monthly,1685.79,2,85,Card
BX00496,2024-05-10,2024-09-22,24,Female,Delhi,Monthly,3600.37,5,40,Other
BX00497,2023-12-29,,34,Female,Coimbatore,Annual,18297.64,31,100,UPI
BX00498,2025-10-31,,37,Female,Bengaluru,Annual,4393.22,7,85,Other
BX00499,2025-07-17,,33,Female,Mumbai,Monthly,8963.92,12,80,Other
BX00500,2023-12-15,2024-08-12,36,Male,Pune,Monthly,5924.27,7,73,Card
BX00501,2025-12-24,,32,Male,Pune,Monthly,3762.97,5,57,UPI
BX00502,2023-12-09,,39,Other,Chennai,Monthly,25794.24,30,67,Card
BX00503,2026-04-16,,32,Female,Mumbai,Quarterly,2291.74,3,98,Card
BX00504,2024-04-21,,33,Male,Bengaluru,Monthly,20142.68,27,83,UPI
BX00505,2024-08-21,2024-09-29,39,Female,Chennai,Monthly,0.0,0,81,UPI
BX00506,2023-09-17,2024-03-20,18,Male,Delhi,Quarterly,5227.13,7,68,UPI
BX00507,2024-07-31,2024-08-30,37,Female,Ahmedabad,Monthly,814.96,1,70,UPI
BX00508,2023-12-16,,39,Other,Pune,Quarterly,20265.27,31,52,UPI
BX00509,2024-06-06,,30,Male,Mumbai,Quarterly,15684.5,24,100,Other
BX00510,2025-04-04,,40,Female,Bengaluru,Monthly,13711.42,16,76,Card
BX00511,2025-09-20,,30,Other,Kolkata,Annual,6874.91,11,100,UPI
BX00512,2026-05-17,,21,Female,Mumbai,Monthly,1441.22,2,77,UPI
BX00513,2025-01-21,,29,Female,Delhi,Quarterly,13614.76,18,81,UPI
BX00514,2024-06-07,2024-08-20,27,Male,Pune,Monthly,2368.45,3,70,PayPal
BX00515,2024-03-26,2024-06-06,48,Male,Delhi,Monthly,2185.57,3,38,Card
BX00516,2026-02-14,,37,Male,Delhi,Monthly,2907.15,4,54,UPI
BX00517,2024-05-10,2024-08-20,32,Female,Ahmedabad,Monthly,3160.78,4,73,UPI
BX00518,2026-03-15,,22,Male,Bengaluru,Annual,2704.72,5,82,UPI
BX00519,2024-10-22,,30,Male,Kolkata,Monthly,18874.73,22,72,Card
BX00520,2025-05-25,2026-07-06,20,Female,Kochi,Monthly,9749.17,12,31,UPI
BX00521,2023-11-13,,29,Male,Bengaluru,Quarterly,24707.55,33,75,UPI
BX00522,2025-04-29,,34,Male,Kochi,Annual,8189.75,13,96,UPI
BX00523,2025-05-31,,38,Female,Coimbatore,Monthly,10773.5,13,68,Card
BX00524,2026-06-23,2026-07-18,34,Female,Lucknow,Monthly,1646.1,2,60,Card
BX00525,2023-12-18,,34,Male,Mumbai,Annual,19600.21,32,79,UPI
BX00526,2026-02-22,2026-05-08,34,Male,Kolkata,Quarterly,1528.69,2,69,Card
BX00527,2026-06-16,,30,Female,Ahmedabad,Monthly,727.6,1,100,Card
BX00528,2024-04-09,,34,Female,Jaipur,Monthly,22635.57,27,94,PayPal
BX00529,2024-08-09,,30,Male,Hyderabad,Monthly,16861.35,23,78,Other
BX00530,2025-09-21,,41,Male,Kochi,Monthly,8724.01,11,38,PayPal
BX00531,2025-12-26,,26,Male,Chennai,Quarterly,4106.89,6,68,UPI
BX00532,2025-07-13,,40,Female,Hyderabad,Monthly,10076.9,12,59,UPI
BX00533,2023-09-28,2024-12-01,28,Female,Kolkata,Monthly,12813.21,15,72,UPI
BX00534,2025-09-26,,44,Male,Bengaluru,Quarterly,5366.5,8,58,Card
BX00535,2026-03-18,,33,Female,Chennai,Annual,2315.89,4,100,Card
BX00536,2026-03-06,,40,Male,Kochi,Annual,1927.68,3,23,Card
BX00537,2025-07-15,,30,Male,Coimbatore,Quarterly,7600.65,12,81,UPI
BX00538,2024-12-16,,18,Female,Mumbai,Annual,11475.44,20,80,Card
BX00539,2024-11-14,,35,Male,Delhi,Quarterly,12546.56,19,92,UPI
BX00540,2024-12-27,,18,Female,Chennai,Monthly,14636.6,18,73,UPI
BX00541,2023-12-24,,23,Male,Ahmedabad,Monthly,23150.87,32,64,Card
BX00542,2023-12-18,,26,Male,Kochi,Quarterly,19956.27,31,77,UPI
BX00543,2026-03-14,,32,Male,Pune,Quarterly,3152.02,5,29,UPI
BX00544,2025-09-27,,35,Female,Bengaluru,Annual,5687.84,10,73,Card
BX00545,2025-06-17,,51,Female,Bengaluru,Monthly,9655.19,13,47,PayPal
BX00546,2025-02-22,,22,Male,Chennai,Quarterly,11783.09,17,71,Card
BX00547,2024-10-25,2024-12-07,33,Female,Hyderabad,Monthly,1515.11,2,39,UPI
BX00548,2025-08-20,,26,Female,Ahmedabad,Monthly,7544.19,10,50,UPI
BX00549,2026-06-17,2026-07-21,18,Male,Pune,Monthly,870.92,1,74,UPI
BX00550,2024-09-07,,36,Female,Lucknow,Annual,14772.35,23,90,PayPal
BX00551,2025-12-31,,21,Male,Hyderabad,Monthly,5909.38,7,34,PayPal
BX00552,2026-02-11,2026-04-26,32,Female,Chennai,Quarterly,2297.88,3,47,PayPal
BX00553,2025-12-01,,30,Female,Coimbatore,Annual,3499.57,6,100,UPI
BX00554,2024-01-27,,48,Other,Kochi,Annual,15653.35,29,100,UPI
BX00555,2024-11-09,,29,Male,Chennai,Monthly,15101.87,20,57,Card
BX00556,2023-11-18,,36,Male,Hyderabad,Annual,19377.27,33,83,Card
BX00557,2025-04-28,2025-10-27,55,Female,Bengaluru,Monthly,4095.55,5,82,Card
BX00558,2025-02-14,2025-08-15,20,Female,Bengaluru,Monthly,3874.05,5,50,UPI
BX00559,2024-01-30,,23,Male,Pune,Quarterly,20107.11,31,29,UPI
BX00560,2026-03-15,,38,Female,Coimbatore,Monthly,4075.16,5,95,Card
BX00561,2023-10-10,,30,Male,Jaipur,Monthly,24451.67,34,62,Card
BX00562,2024-04-18,2024-10-21,25,Female,Mumbai,Monthly,3806.0,5,63,Card
BX00563,2025-09-23,2026-07-18,18,Female,Bengaluru,Monthly,8426.73,10,24,Card
BX00564,2025-07-02,,36,Female,Coimbatore,Quarterly,7614.08,11,39,Card
BX00565,2023-11-05,,31,Female,Kolkata,Quarterly,23539.79,33,48,UPI
BX00566,2025-07-05,2025-08-15,19,Female,Lucknow,Monthly,778.47,1,50,UPI
BX00567,2025-08-10,,28,Female,Coimbatore,Quarterly,7161.78,10,97,UPI
BX00568,2025-11-10,2026-03-10,37,Male,Bengaluru,Monthly,2246.47,3,53,Card
BX00569,2025-03-24,,21,Male,Mumbai,Monthly,13036.32,16,44,Card
BX00570,2024-09-12,2025-04-21,34,Female,Kolkata,Monthly,5160.58,7,35,UPI
BX00571,2026-06-06,,22,Male,Delhi,Annual,548.1,1,66,UPI
BX00572,2023-08-15,2024-04-14,37,Female,Hyderabad,Quarterly,5722.02,8,51,Card
BX00573,2026-06-11,,28,Male,Delhi,Monthly,1592.31,2,73,Card
BX00574,2023-11-20,2023-12-23,28,Male,Chennai,Quarterly,0.0,0,81,Card
BX00575,2025-07-16,,39,Male,Chennai,Quarterly,7332.88,11,86,UPI
BX00576,2024-03-08,,39,Female,Hyderabad,Monthly,25156.89,29,28,PayPal
BX00577,2026-05-10,,48,Male,Ahmedabad,Annual,1197.9,2,48,UPI
BX00578,2024-11-22,,25,Female,Chennai,Quarterly,15694.64,21,91,Other
BX00579,2024-08-08,2024-12-20,33,Female,Hyderabad,Monthly,2443.78,3,77,Card
BX00580,2023-11-19,,20,Female,Delhi,Monthly,26827.35,32,58,Card
BX00581,2024-12-17,,38,Male,Bengaluru,Quarterly,12707.44,19,42,UPI
BX00582,2024-11-27,,38,Female,Delhi,Quarterly,13347.0,20,59,UPI
BX00583,2024-11-07,2025-03-25,22,Female,Hyderabad,Monthly,3152.9,4,40,Card
BX00584,2024-06-27,2024-10-14,25,Female,Kochi,Monthly,1586.12,2,81,UPI
BX00585,2024-06-05,2025-02-08,44,Female,Ahmedabad,Monthly,5733.97,7,60,Card
BX00586,2024-12-10,2025-09-09,30,Female,Ahmedabad,Quarterly,5250.53,8,30,UPI
BX00587,2025-02-15,,42,Male,Pune,Monthly,13676.14,17,69,Card
BX00588,2026-05-23,,39,Male,Kochi,Quarterly,640.3,1,44,Card
BX00589,2025-11-25,2026-06-05,20,Male,Delhi,Monthly,4800.62,6,53,Card
BX00590,2025-06-07,,45,Female,Delhi,Annual,8704.83,14,78,UPI
BX00591,2026-04-28,,22,Female,Mumbai,Monthly,1589.06,2,56,UPI
BX00592,2024-07-19,,32,Female,Bengaluru,Quarterly,16599.58,25,54,UPI
BX00593,2025-11-05,2026-04-23,49,Female,Delhi,Quarterly,3388.52,5,81,UPI
BX00594,2024-04-17,,26,Female,Kolkata,Annual,17761.53,27,73,Card
BX00595,2023-08-13,,27,Female,Bengaluru,Annual,20717.86,34,77,PayPal
BX00596,2024-09-03,2024-10-18,18,Female,Kochi,Quarterly,1299.7,2,43,Card
BX00597,2026-04-08,,31,Male,Delhi,Quarterly,2075.47,3,93,Card
BX00598,2024-05-13,2025-05-08,23,Male,Lucknow,Monthly,10280.4,13,50,Card
BX00599,2023-09-15,,50,Female,Hyderabad,Quarterly,23284.98,35,55,PayPal
BX00600,2025-02-08,,22,Female,Kolkata,Monthly,13403.82,18,100,UPI
BX00601,2023-10-16,2023-12-03,18,Male,Kochi,Monthly,1622.06,2,58,UPI
BX00602,2026-04-01,2026-07-12,18,Female,Kolkata,Monthly,2617.46,3,28,PayPal
BX00603,2026-06-16,,21,Female,Bengaluru,Monthly,1602.38,2,56,Card
BX00604,2026-02-21,,44,Male,Coimbatore,Annual,2931.53,5,57,Card
BX00605,2023-11-01,,44,Male,Bengaluru,Quarterly,20806.93,33,92,UPI
BX00606,2023-11-17,,30,Female,Chennai,Annual,18845.75,33,73,PayPal
BX00607,2024-04-15,,33,Male,Delhi,Monthly,22435.69,27,68,UPI
BX00608,2024-02-27,,37,Female,Hyderabad,Quarterly,19125.89,28,90,Card
BX00609,2025-12-07,2026-03-21,21,Male,Mumbai,Quarterly,2302.19,3,11,UPI
BX00610,2025-11-27,,25,Female,Mumbai,Quarterly,6020.94,8,81,Card
BX00611,2026-05-30,,18,Male,Kolkata,Annual,577.52,1,100,UPI
BX00612,2026-07-16,,39,Female,Chennai,Monthly,1721.91,2,49,UPI
BX00613,2025-12-17,,18,Male,Mumbai,Annual,4369.14,8,94,PayPal
BX00614,2024-12-28,2025-11-25,40,Male,Mumbai,Monthly,8949.05,12,54,UPI
BX00615,2025-01-13,,18,Male,Bengaluru,Annual,11299.31,18,60,PayPal
BX00616,2026-01-25,,31,Male,Delhi,Monthly,2898.5,4,55,Card
BX00617,2024-09-20,2024-11-07,30,Female,Coimbatore,Monthly,845.74,1,89,Card
BX00618,2026-06-06,2026-07-07,44,Male,Chennai,Monthly,0.0,0,17,UPI
BX00619,2023-08-09,,27,Male,Chennai,Quarterly,25622.4,36,70,PayPal
BX00620,2023-09-08,,26,Male,Pune,Annual,20095.09,33,100,UPI
BX00621,2024-08-06,,18,Female,Mumbai,Monthly,17170.7,22,27,UPI
BX00622,2024-09-10,,36,Female,Hyderabad,Monthly,16969.93,22,55,UPI
BX00623,2024-09-04,2024-12-08,24,Female,Hyderabad,Quarterly,2046.5,3,39,PayPal
BX00624,2026-02-11,2026-04-27,28,Female,Jaipur,Monthly,1640.89,2,53,Card
BX00625,2024-02-17,,18,Female,Pune,Annual,15685.93,29,52,PayPal
BX00626,2025-03-24,,18,Female,Delhi,Quarterly,10827.59,17,51,UPI
BX00627,2024-01-15,,22,Female,Kolkata,Annual,17535.38,31,55,UPI
BX00628,2023-10-17,2023-11-19,35,Female,Lucknow,Monthly,0.0,0,33,Card
BX00629,2024-12-10,2025-03-20,28,Female,Chennai,Monthly,2429.24,3,40,UPI
BX00630,2025-08-05,2026-05-11,45,Male,Hyderabad,Monthly,7625.08,9,62,Other
BX00631,2024-11-15,2024-12-27,20,Male,Bengaluru,Quarterly,0.0,0,90,Card
BX00632,2023-12-04,,47,Female,Mumbai,Monthly,26822.65,32,50,PayPal
BX00633,2026-01-01,,25,Male,Ahmedabad,Quarterly,4745.55,7,64,UPI
BX00634,2026-03-17,,28,Female,Ahmedabad,Quarterly,1996.56,3,78,PayPal
BX00635,2024-01-23,,26,Other,Bengaluru,Quarterly,21915.17,29,79,UPI
BX00636,2025-09-02,,47,Male,Kolkata,Monthly,9181.93,11,92,UPI
BX00637,2025-11-15,,24,Female,Pune,Annual,4015.39,7,89,UPI
BX00638,2024-12-25,2025-03-12,18,Female,Mumbai,Monthly,814.6,1,64,UPI
BX00639,2024-06-08,,34,Male,Bengaluru,Annual,15831.68,25,79,UPI
BX00640,2026-07-16,2026-07-17,24,Female,Mumbai,Quarterly,0.0,0,46,PayPal
BX00641,2025-02-18,,29,Female,Coimbatore,Quarterly,12837.38,17,72,UPI
BX00642,2023-11-29,,28,Female,Delhi,Annual,20338.79,31,80,Card
BX00643,2025-02-17,,46,Male,Lucknow,Monthly,14010.68,16,75,Card
BX00644,2023-10-17,2023-11-21,42,Male,Hyderabad,Quarterly,652.32,1,35,UPI
BX00645,2023-12-04,2024-06-20,19,Female,Kochi,Annual,4093.98,7,67,Card
BX00646,2025-02-24,2025-04-02,29,Male,Lucknow,Monthly,1568.16,2,53,Card
BX00647,2025-04-21,,32,Male,Chennai,Monthly,12483.1,15,76,UPI
BX00648,2024-10-31,,23,Male,Hyderabad,Quarterly,15254.67,20,28,PayPal
BX00649,2023-11-25,,23,Female,Bengaluru,Quarterly,20924.12,31,78,UPI
BX00650,2024-02-05,2024-03-22,18,Female,Ahmedabad,Quarterly,664.91,1,37,UPI
BX00651,2026-06-30,,18,Male,Chennai,Quarterly,710.8,1,74,UPI
BX00652,2024-11-17,2025-03-30,24,Female,Kochi,Monthly,3062.3,4,13,Other
BX00653,2026-02-26,2026-06-05,37,Male,Coimbatore,Monthly,2963.31,4,73,Card
BX00654,2024-04-19,,46,Male,Delhi,Quarterly,18942.93,28,83,UPI
BX00655,2023-08-22,,43,Female,Hyderabad,Quarterly,26954.71,36,81,Other
BX00656,2024-01-27,2024-03-08,25,Male,Hyderabad,Monthly,722.58,1,47,UPI
BX00657,2025-02-26,,37,Female,Pune,Monthly,13878.9,18,72,Card
BX00658,2026-04-26,2026-07-02,24,Female,Mumbai,Monthly,1524.77,2,46,UPI
BX00659,2024-10-05,,44,Female,Jaipur,Monthly,17029.24,22,84,Card
BX00660,2023-09-11,,44,Female,Delhi,Monthly,27880.86,33,77,UPI
BX00661,2026-03-30,2026-07-12,20,Female,Chennai,Quarterly,2885.07,4,65,Card
BX00662,2023-12-17,,33,Male,Bengaluru,Annual,18962.1,31,100,UPI
BX00663,2024-09-03,,44,Female,Delhi,Annual,13681.78,23,86,Other
BX00664,2026-01-04,,30,Male,Ahmedabad,Quarterly,4225.63,6,60,Card
BX00665,2025-05-20,,22,Female,Kolkata,Monthly,10516.69,13,63,Card
BX00666,2023-08-15,2024-05-15,38,Female,Jaipur,Monthly,7818.08,10,72,UPI
BX00667,2025-09-21,,42,Female,Kolkata,Monthly,7618.74,9,67,Card
BX00668,2023-12-11,,22,Male,Mumbai,Monthly,26524.52,32,58,Card
BX00669,2023-11-24,,36,Female,Delhi,Quarterly,21095.19,33,73,UPI
BX00670,2023-12-04,,31,Male,Mumbai,Monthly,27456.8,32,100,Other
BX00671,2025-01-02,2025-09-06,18,Male,Chennai,Monthly,5510.62,7,58,Card
BX00672,2024-05-20,,32,Male,Pune,Monthly,21580.66,25,72,UPI
BX00673,2023-12-13,,34,Female,Chennai,Monthly,22936.51,31,59,Card
BX00674,2024-05-06,2024-08-15,26,Female,Hyderabad,Monthly,2526.48,3,65,PayPal
BX00675,2026-01-21,2026-03-07,36,Male,Chennai,Monthly,0.0,0,43,Card
BX00676,2026-01-07,,21,Female,Delhi,Monthly,3690.63,5,69,UPI
BX00677,2023-09-28,2023-11-16,24,Male,Chennai,Monthly,1562.82,2,53,Card
BX00678,2024-03-20,,36,Male,Mumbai,Monthly,22770.93,28,58,Card
BX00679,2025-06-03,,27,Female,Chennai,Quarterly,9017.0,13,100,Card
BX00680,2024-01-06,2024-09-16,40,Male,Mumbai,Monthly,7403.69,9,59,UPI
BX00681,2026-01-18,,30,Male,Delhi,Monthly,5099.8,6,65,UPI
BX00682,2026-03-11,,27,Male,Pune,Quarterly,2140.27,3,92,Other
BX00683,2024-10-22,,35,Female,Coimbatore,Monthly,19006.09,22,56,Other
BX00684,2023-09-02,,31,Male,Bengaluru,Quarterly,24273.47,35,89,UPI
BX00685,2024-08-12,,34,Female,Mumbai,Monthly,18523.05,22,62,Card
BX00686,2025-03-15,,26,Male,Chennai,Monthly,11045.68,15,58,PayPal
BX00687,2025-11-02,,23,Male,Hyderabad,Quarterly,5529.14,8,50,UPI
BX00688,2024-02-13,,18,Female,Coimbatore,Quarterly,20348.21,28,93,UPI
BX00689,2023-09-25,,31,Female,Kolkata,Monthly,24610.28,33,74,Card
BX00690,2024-12-09,2025-03-14,19,Female,Ahmedabad,Monthly,2618.26,3,49,UPI
BX00691,2025-07-03,,18,Male,Bengaluru,Annual,6908.17,12,51,UPI
BX00692,2025-04-04,,26,Male,Chennai,Annual,10388.16,16,96,Card
BX00693,2023-10-10,2024-02-12,18,Female,Kochi,Annual,2590.64,4,19,Other
BX00694,2025-06-15,,29,Female,Chennai,Monthly,9385.97,13,55,Card
BX00695,2023-08-21,,31,Male,Ahmedabad,Quarterly,24858.92,36,68,Card
BX00696,2025-05-28,,28,Female,Coimbatore,Quarterly,9268.74,13,77,Other
BX00697,2024-10-06,2025-04-12,19,Female,Hyderabad,Annual,4396.14,7,42,UPI
BX00698,2025-01-29,,28,Male,Coimbatore,Monthly,15077.77,18,99,Card
BX00699,2025-03-01,,32,Male,Chennai,Annual,10594.32,17,77,PayPal
BX00700,2025-11-29,2026-05-16,42,Male,Chennai,Monthly,4150.2,5,63,Card
BX00701,2025-08-31,2026-04-02,34,Male,Mumbai,Quarterly,5901.13,8,67,Card
BX00702,2025-08-21,,25,Male,Lucknow,Quarterly,8166.32,12,51,UPI
BX00703,2025-05-18,,32,Other,Bengaluru,Annual,9163.65,14,92,PayPal
BX00704,2025-02-16,,19,Other,Pune,Monthly,14880.25,18,58,Card
BX00705,2026-06-01,2026-07-05,26,Male,Delhi,Monthly,0.0,0,22,UPI
BX00706,2025-04-14,,39,Female,Delhi,Monthly,11828.77,15,62,UPI
BX00707,2025-07-20,,26,Male,Mumbai,Monthly,9005.28,12,91,PayPal
BX00708,2024-11-12,,34,Male,Coimbatore,Monthly,16475.17,20,41,UPI
BX00709,2024-01-04,2024-08-16,18,Male,Coimbatore,Monthly,5946.75,7,71,PayPal
BX00710,2023-07-27,2023-09-30,29,Female,Hyderabad,Quarterly,2268.53,3,44,Card
BX00711,2024-10-28,,35,Male,Hyderabad,Monthly,15114.07,21,75,UPI
BX00712,2025-06-16,,30,Other,Kolkata,Monthly,9449.18,12,43,Card
BX00713,2025-08-09,,48,Male,Kolkata,Quarterly,7640.26,10,59,UPI
BX00714,2024-09-08,,39,Female,Bengaluru,Quarterly,16833.69,23,62,Card
BX00715,2025-06-16,,30,Male,Mumbai,Monthly,9944.85,12,45,UPI
BX00716,2024-03-21,2024-08-18,43,Female,Chennai,Monthly,4122.3,5,61,Other
BX00717,2024-11-06,,18,Female,Hyderabad,Monthly,14107.97,19,96,PayPal
BX00718,2024-10-15,2024-11-27,38,Female,Kolkata,Monthly,0.0,0,33,Card
BX00719,2024-07-14,2025-03-24,36,Female,Chennai,Monthly,7307.84,9,64,UPI
BX00720,2025-10-10,2026-02-23,29,Female,Bengaluru,Monthly,2379.79,3,92,Card
BX00721,2025-10-16,2025-12-15,25,Female,Kolkata,Monthly,1686.6,2,70,Other
BX00722,2025-10-06,2026-07-17,23,Male,Chennai,Monthly,7242.05,9,76,PayPal
BX00723,2025-07-12,,18,Male,Mumbai,Quarterly,8830.7,13,81,UPI
BX00724,2024-06-20,,44,Female,Jaipur,Monthly,21035.15,24,99,Card
BX00725,2024-08-21,,35,Female,Kochi,Annual,13577.61,22,85,UPI
BX00726,2024-11-01,2025-05-01,22,Female,Coimbatore,Monthly,4381.72,6,69,Card
BX00727,2023-09-07,2024-07-07,18,Male,Bengaluru,Monthly,7591.95,10,27,Other
BX00728,2025-05-06,2025-07-12,28,Male,Kochi,Quarterly,1329.88,2,28,Card
BX00729,2026-03-28,,18,Male,Bengaluru,Quarterly,2990.86,4,63,Card
BX00730,2025-09-10,,21,Female,Bengaluru,Monthly,7850.2,9,53,PayPal
BX00731,2024-10-01,,36,Male,Kochi,Annual,14356.49,22,70,UPI
BX00732,2023-11-29,2024-07-02,22,Male,Kochi,Monthly,4581.2,6,40,Card
BX00733,2026-03-31,,35,Female,Hyderabad,Annual,1860.57,3,43,Card
BX00734,2025-09-17,2025-12-18,31,Male,Ahmedabad,Quarterly,1990.05,3,42,UPI
BX00735,2023-08-09,,33,Female,Lucknow,Quarterly,22023.84,35,91,PayPal
BX00736,2025-04-04,,29,Female,Chennai,Annual,9109.13,14,72,Card
BX00737,2026-04-04,,50,Other,Hyderabad,Quarterly,2279.83,3,65,UPI
BX00738,2023-11-06,,21,Male,Kolkata,Annual,20852.34,32,61,Card
BX00739,2023-08-22,,30,Male,Chennai,Annual,22997.32,35,79,UPI
BX00740,2025-05-12,,31,Male,Lucknow,Annual,7204.41,13,41,PayPal
BX00741,2023-12-26,,27,Male,Delhi,Monthly,22513.06,31,79,PayPal
BX00742,2025-11-30,,40,Female,Delhi,Annual,3737.17,6,42,Card
BX00743,2025-03-22,,29,Female,Pune,Quarterly,9702.54,15,73,Other
BX00744,2024-08-31,2024-11-06,23,Male,Delhi,Quarterly,1453.5,2,24,UPI
BX00745,2024-10-23,,24,Female,Kochi,Annual,10887.88,20,82,UPI
BX00746,2025-03-19,,18,Male,Bengaluru,Monthly,12785.47,17,70,PayPal
BX00747,2024-04-27,,18,Female,Hyderabad,Quarterly,17137.14,26,37,Card
BX00748,2026-03-02,,22,Male,Hyderabad,Monthly,4375.42,5,88,Card
BX00749,2025-08-13,,29,Female,Kolkata,Quarterly,8508.23,12,67,UPI
BX00750,2025-06-05,,32,Male,Ahmedabad,Monthly,10991.88,14,61,UPI
BX00751,2024-09-03,,25,Female,Coimbatore,Monthly,17321.47,23,76,UPI
BX00752,2025-06-05,2025-11-18,26,Male,Lucknow,Monthly,4363.29,5,46,UPI
BX00753,2023-10-16,,41,Female,Pune,Monthly,27163.28,32,82,Card
BX00754,2024-10-16,,36,Male,Jaipur,Monthly,16477.15,20,78,Card
BX00755,2023-07-30,,18,Female,Pune,Annual,20431.97,35,61,Card
BX00756,2024-08-18,,34,Other,Mumbai,Annual,11998.05,22,90,UPI
BX00757,2025-10-23,,32,Female,Coimbatore,Quarterly,5126.18,8,52,PayPal
BX00758,2026-06-27,,25,Female,Lucknow,Annual,0.0,0,100,Other
BX00759,2026-02-12,2026-03-28,23,Male,Mumbai,Monthly,0.0,0,32,Card
BX00760,2025-01-24,,35,Female,Mumbai,Monthly,15752.26,19,91,UPI
BX00761,2023-07-31,2024-06-11,29,Male,Chennai,Monthly,7466.78,9,83,UPI
BX00762,2024-07-10,2025-01-06,18,Other,Kochi,Monthly,5513.13,7,44,Card
BX00763,2024-06-20,,39,Male,Jaipur,Annual,14902.08,25,59,Card
BX00764,2025-12-15,2026-06-22,29,Male,Hyderabad,Monthly,4048.15,5,65,UPI
BX00765,2025-10-12,,39,Female,Hyderabad,Quarterly,6019.95,8,80,PayPal
BX00766,2026-01-19,,40,Female,Ahmedabad,Quarterly,3484.25,5,66,Card
BX00767,2025-03-10,,37,Other,Chennai,Quarterly,10526.29,16,39,UPI
BX00768,2024-10-28,,30,Female,Kolkata,Annual,11593.62,21,88,Card
BX00769,2025-04-01,,35,Male,Lucknow,Quarterly,10375.35,15,80,UPI
BX00770,2026-03-02,2026-04-20,25,Female,Hyderabad,Quarterly,1488.96,2,43,Card
BX00771,2026-05-07,2026-06-19,20,Female,Kolkata,Quarterly,1497.77,2,52,Card
BX00772,2025-07-06,,38,Male,Coimbatore,Quarterly,8603.56,13,100,Other
BX00773,2024-11-22,,24,Male,Chennai,Annual,12695.47,20,69,Other
BX00774,2024-12-13,,34,Female,Mumbai,Monthly,15727.66,19,94,Card
BX00775,2024-05-10,,22,Female,Chennai,Monthly,23267.01,27,51,UPI
BX00776,2024-08-13,,36,Female,Pune,Quarterly,16786.51,24,71,UPI
BX00777,2025-12-05,,43,Male,Coimbatore,Monthly,4745.38,6,97,Card
BX00778,2025-11-30,,22,Male,Bengaluru,Annual,3826.89,7,62,UPI
BX00779,2023-07-26,2024-02-08,21,Male,Jaipur,Monthly,4332.13,6,78,UPI
BX00780,2023-07-28,,27,Female,Kolkata,Monthly,27544.65,36,61,UPI
BX00781,2026-02-17,,31,Female,Delhi,Quarterly,2861.71,4,47,Card
BX00782,2023-11-14,,35,Male,Chennai,Annual,20328.59,33,84,Card
BX00783,2024-05-06,2024-09-14,24,Female,Kolkata,Monthly,2307.9,3,100,Other
BX00784,2026-04-23,,41,Female,Ahmedabad,Quarterly,2222.47,3,71,UPI
BX00785,2024-12-19,,33,Male,Kolkata,Quarterly,11945.4,18,8,UPI
BX00786,2024-02-22,,23,Female,Delhi,Quarterly,20551.47,30,54,Other
BX00787,2023-07-31,,35,Male,Bengaluru,Quarterly,22027.67,35,69,PayPal
BX00788,2026-06-10,,18,Male,Delhi,Monthly,792.05,1,66,Card
BX00789,2023-09-27,2023-11-04,27,Female,Pune,Monthly,754.63,1,49,UPI
BX00790,2024-10-22,2025-02-26,32,Male,Bengaluru,Quarterly,3269.95,5,50,UPI
BX00791,2025-08-12,,36,Female,Bengaluru,Quarterly,7552.35,11,76,PayPal
BX00792,2024-12-08,,30,Female,Chennai,Quarterly,12675.3,18,89,Card
BX00793,2024-03-02,2025-02-01,33,Other,Chennai,Monthly,8707.14,10,52,Other
BX00794,2024-07-08,,37,Male,Bengaluru,Monthly,17563.35,23,49,Other
BX00795,2024-05-15,,25,Male,Pune,Monthly,19374.14,25,58,Other
BX00796,2023-10-03,,20,Male,Kolkata,Quarterly,23566.27,33,52,UPI
BX00797,2023-12-17,,49,Male,Chennai,Quarterly,21592.43,32,70,Card
BX00798,2025-01-26,2025-05-05,27,Female,Delhi,Monthly,1548.04,2,100,UPI
BX00799,2024-01-29,,38,Male,Chennai,Monthly,25003.94,30,47,Card
BX00800,2026-07-14,,28,Male,Chennai,Monthly,0.0,0,68,UPI
BX00801,2026-05-28,,34,Other,Mumbai,Monthly,795.88,1,92,UPI
BX00802,2025-11-27,2026-07-07,36,Female,Mumbai,Quarterly,5809.04,8,59,PayPal
BX00803,2024-10-03,2025-11-06,28,Female,Kolkata,Monthly,9381.93,12,70,Card
BX00804,2026-01-24,,43,Male,Bengaluru,Quarterly,3540.48,5,66,Card
BX00805,2023-10-19,,20,Female,Kolkata,Quarterly,25507.4,34,37,Card
BX00806,2024-12-26,,18,Male,Jaipur,Monthly,15431.66,20,74,PayPal
BX00807,2025-04-14,,29,Female,Mumbai,Quarterly,9720.97,15,20,UPI
BX00808,2024-09-25,,29,Male,Chennai,Monthly,19881.96,23,65,PayPal
BX00809,2025-04-30,,41,Other,Hyderabad,Annual,9480.61,15,77,PayPal
BX00810,2026-07-12,,31,Male,Pune,Quarterly,1308.14,2,75,Other
BX00811,2026-02-05,,21,Female,Chennai,Quarterly,3267.26,5,85,UPI
BX00812,2024-07-16,,25,Male,Bengaluru,Quarterly,18514.14,25,60,Other
BX00813,2024-09-21,,35,Male,Chennai,Quarterly,14618.99,22,61,Card
BX00814,2023-08-17,,20,Male,Coimbatore,Quarterly,23307.41,34,68,UPI
BX00815,2024-09-17,,36,Female,Chennai,Quarterly,13716.05,21,59,UPI
BX00816,2023-12-28,,44,Female,Pune,Monthly,26140.82,31,76,Card
BX00817,2024-02-24,2024-08-29,37,Female,Ahmedabad,Monthly,4315.77,5,33,UPI
BX00818,2024-02-13,2024-03-19,38,Female,Bengaluru,Monthly,783.92,1,72,UPI
BX00819,2026-04-03,2026-06-16,29,Female,Bengaluru,Annual,1257.6,2,71,Other
BX00820,2024-12-17,,31,Male,Pune,Monthly,14324.28,19,68,Card
BX00821,2026-06-05,,20,Female,Chennai,Monthly,727.62,1,62,UPI
BX00822,2025-08-21,2025-10-05,25,Male,Mumbai,Monthly,719.49,1,24,UPI
BX00823,2025-06-30,2025-10-05,18,Male,Kolkata,Quarterly,2050.94,3,45,PayPal
BX00824,2026-02-24,,24,Male,Chennai,Monthly,4050.57,5,57,UPI
BX00825,2025-02-24,2025-07-10,18,Female,Ahmedabad,Monthly,2332.49,3,35,UPI
BX00826,2025-12-03,,34,Female,Delhi,Annual,3798.62,7,60,Card
BX00827,2025-07-09,,43,Male,Hyderabad,Quarterly,7380.26,11,87,Other
BX00828,2026-03-03,,45,Female,Delhi,Quarterly,3484.87,5,72,UPI
BX00829,2025-06-11,,26,Female,Coimbatore,Monthly,10331.09,12,83,UPI
BX00830,2024-06-08,2025-05-04,20,Female,Hyderabad,Monthly,7614.16,10,22,UPI
BX00831,2023-10-01,,18,Male,Chennai,Quarterly,24415.02,34,55,Other
BX00832,2026-05-03,,34,Female,Coimbatore,Annual,1164.13,2,51,UPI
BX00833,2025-05-12,,27,Male,Bengaluru,Monthly,11898.59,14,50,UPI
BX00834,2023-12-07,2024-01-17,26,Male,Delhi,Monthly,1606.51,2,32,UPI
BX00835,2023-10-21,,26,Female,Chennai,Monthly,25857.63,32,90,Other
BX00836,2025-04-10,,25,Female,Delhi,Quarterly,11880.04,16,87,UPI
BX00837,2023-09-30,,23,Male,Delhi,Monthly,27810.39,34,89,PayPal
BX00838,2023-12-26,,18,Female,Kochi,Monthly,24452.23,32,76,UPI
BX00839,2023-08-28,,21,Female,Delhi,Quarterly,22889.83,34,43,Card
BX00840,2025-03-09,,24,Female,Bengaluru,Quarterly,10207.68,15,96,Card
BX00841,2025-09-28,2026-01-05,20,Male,Hyderabad,Annual,1285.65,2,62,UPI
BX00842,2024-07-12,2024-08-16,18,Female,Delhi,Quarterly,0.0,0,25,Other
BX00843,2024-11-30,,47,Female,Ahmedabad,Monthly,15951.08,19,49,Other
BX00844,2025-05-23,2025-07-01,20,Female,Ahmedabad,Quarterly,663.39,1,46,Card
BX00845,2025-04-01,,18,Male,Lucknow,Monthly,12570.26,16,8,Card
BX00846,2025-06-06,,18,Female,Mumbai,Monthly,12288.53,14,39,UPI
BX00847,2026-06-30,,25,Other,Mumbai,Monthly,1685.91,2,45,UPI
BX00848,2026-07-18,,31,Male,Ahmedabad,Quarterly,724.62,1,87,UPI
BX00849,2024-08-19,,24,Male,Delhi,Monthly,17878.89,23,78,UPI
BX00850,2024-12-18,2025-02-21,18,Male,Mumbai,Quarterly,1378.4,2,73,Other
BX00851,2024-01-26,,34,Female,Coimbatore,Monthly,26614.22,31,79,Card
BX00852,2023-08-11,,29,Female,Pune,Quarterly,25790.21,34,80,Other
BX00853,2024-02-14,,18,Male,Bengaluru,Monthly,20490.65,28,73,UPI
BX00854,2025-02-23,,26,Female,Chennai,Monthly,12482.3,17,97,UPI
BX00855,2025-11-25,2026-03-04,18,Male,Hyderabad,Monthly,3038.77,4,17,UPI
BX00856,2025-03-26,,35,Female,Kochi,Monthly,11111.63,15,78,UPI
BX00857,2024-05-26,,38,Female,Hyderabad,Monthly,20268.94,26,40,UPI
BX00858,2023-09-11,2024-01-16,34,Female,Delhi,Monthly,2459.44,3,46,UPI
BX00859,2023-09-30,,26,Female,Kolkata,Monthly,29005.67,35,57,Card
BX00860,2025-10-08,2026-02-10,18,Female,Pune,Monthly,3398.37,4,37,UPI
BX00861,2025-08-28,,32,Female,Chennai,Quarterly,6535.2,10,84,Card
BX00862,2026-07-19,,35,Male,Delhi,Monthly,1699.56,2,75,Card
BX00863,2026-03-18,,33,Female,Coimbatore,Quarterly,2999.18,4,71,UPI
BX00864,2025-03-31,,22,Female,Pune,Monthly,11829.45,16,70,UPI
BX00865,2025-01-08,,28,Male,Mumbai,Monthly,15750.74,18,50,Card
BX00866,2025-02-18,,28,Female,Bengaluru,Quarterly,11930.79,16,58,UPI
BX00867,2025-08-14,,49,Female,Delhi,Quarterly,6539.21,10,54,UPI
BX00868,2025-02-07,,24,Female,Mumbai,Quarterly,10843.74,16,54,Other
BX00869,2024-04-17,2024-08-17,31,Female,Pune,Monthly,2232.69,3,59,Other
BX00870,2025-05-01,2025-12-01,60,Male,Pune,Quarterly,4233.63,6,35,UPI
BX00871,2026-06-23,,43,Female,Lucknow,Monthly,1643.73,2,30,UPI
BX00872,2024-04-23,2024-08-03,23,Female,Delhi,Annual,1312.28,2,53,Card
BX00873,2026-05-06,2026-06-16,43,Female,Pune,Monthly,0.0,0,56,Card
BX00874,2025-04-29,,40,Male,Jaipur,Annual,9214.17,15,63,Card
BX00875,2026-04-20,2026-07-17,29,Male,Hyderabad,Monthly,865.69,1,39,Card
BX00876,2025-01-12,,38,Male,Kolkata,Monthly,14663.24,18,100,Card
BX00877,2025-02-14,,26,Female,Hyderabad,Monthly,11879.15,16,67,Card
BX00878,2023-11-11,2024-03-29,20,Female,Hyderabad,Quarterly,2653.83,4,44,PayPal
BX00879,2024-09-29,,27,Female,Chennai,Quarterly,14285.79,22,47,UPI
BX00880,2026-06-07,,57,Male,Kolkata,Monthly,0.0,0,85,UPI
BX00881,2023-11-13,,28,Male,Kolkata,Monthly,24686.69,33,79,Card
BX00882,2024-04-01,,35,Female,Hyderabad,Monthly,23202.51,29,66,UPI
BX00883,2026-03-10,,55,Male,Jaipur,Quarterly,2522.09,4,100,Card
BX00884,2024-09-22,,23,Female,Bengaluru,Quarterly,15191.92,23,24,Card
BX00885,2025-08-14,2026-03-16,21,Female,Ahmedabad,Annual,4452.76,8,44,PayPal
BX00886,2025-09-21,,37,Female,Delhi,Monthly,7623.83,9,57,Card
BX00887,2026-02-06,,22,Male,Chennai,Annual,3195.51,5,69,Card
BX00888,2024-05-06,,19,Female,Lucknow,Annual,15681.06,26,48,UPI
BX00889,2026-05-03,2026-07-14,49,Female,Kolkata,Monthly,719.98,1,59,PayPal
BX00890,2023-09-15,2024-01-16,18,Male,Bengaluru,Monthly,2230.72,3,29,Card
BX00891,2024-10-29,,27,Male,Lucknow,Monthly,17751.34,21,55,UPI
BX00892,2026-04-28,2026-05-29,22,Male,Coimbatore,Quarterly,0.0,0,39,Other
BX00893,2023-09-29,,21,Male,Pune,Annual,18970.15,33,76,Card
BX00894,2025-06-25,,40,Male,Chennai,Quarterly,8405.49,12,36,UPI
BX00895,2024-04-12,2024-06-24,27,Female,Coimbatore,Quarterly,1263.84,2,65,UPI
BX00896,2024-07-07,2025-12-17,21,Female,Hyderabad,Monthly,13667.23,17,82,Card
BX00897,2025-04-01,,25,Female,Chennai,Monthly,11780.83,16,48,Card
BX00898,2025-10-27,2026-02-04,26,Female,Coimbatore,Monthly,2261.01,3,33,PayPal
BX00899,2024-09-05,2024-11-07,18,Male,Chennai,Monthly,1453.73,2,54,UPI
BX00900,2025-01-21,,27,Female,Bengaluru,Annual,10950.56,19,54,UPI
BX00901,2024-02-25,,31,Male,Lucknow,Monthly,23802.74,28,63,PayPal
BX00902,2026-02-03,2026-07-21,26,Male,Mumbai,Monthly,2881.95,4,71,Card
BX00903,2026-02-06,,36,Female,Lucknow,Quarterly,3532.11,5,100,PayPal
BX00904,2024-03-08,2024-12-21,32,Male,Chennai,Monthly,7352.97,9,57,UPI
BX00905,2024-10-27,2025-02-12,31,Male,Hyderabad,Monthly,1452.26,2,46,PayPal
BX00906,2026-04-29,2026-07-11,38,Male,Bengaluru,Monthly,822.4,1,68,Card
BX00907,2025-11-10,,37,Female,Ahmedabad,Quarterly,4414.06,7,70,PayPal
BX00908,2024-10-19,,26,Female,Pune,Quarterly,16031.69,22,87,UPI
BX00909,2025-01-26,,57,Female,Hyderabad,Quarterly,12810.19,17,53,Card
BX00910,2024-08-11,,41,Male,Hyderabad,Monthly,17911.3,22,71,Card
BX00911,2024-03-11,,52,Other,Pune,Monthly,23168.0,29,79,Card
BX00912,2025-09-21,2026-05-04,30,Male,Mumbai,Monthly,5073.36,7,46,PayPal
BX00913,2024-06-24,,18,Female,Hyderabad,Monthly,19086.23,24,76,UPI
BX00914,2025-08-04,,29,Male,Mumbai,Monthly,7927.81,11,52,Card
BX00915,2023-08-07,,56,Male,Hyderabad,Quarterly,22560.25,35,100,UPI
BX00916,2025-06-24,,18,Male,Chennai,Monthly,12212.79,14,66,PayPal
BX00917,2025-05-17,2026-02-11,23,Male,Mumbai,Monthly,5964.18,8,47,Card
BX00918,2024-12-17,,34,Female,Kolkata,Monthly,15760.79,18,74,Card
BX00919,2023-10-31,,18,Female,Hyderabad,Monthly,27062.84,32,62,Card
BX00920,2023-09-29,,40,Male,Mumbai,Monthly,26074.18,35,34,PayPal
BX00921,2026-04-05,,36,Female,Ahmedabad,Quarterly,1404.37,2,35,UPI
BX00922,2023-11-15,,33,Female,Pune,Quarterly,23671.8,31,37,UPI
BX00923,2025-12-23,2026-04-08,30,Male,Kolkata,Monthly,2921.36,4,47,UPI
BX00924,2025-12-28,,26,Male,Lucknow,Monthly,5081.79,6,52,Card
BX00925,2024-06-26,,18,Female,Bengaluru,Quarterly,19073.11,25,81,UPI
BX00926,2023-12-13,2024-05-13,25,Female,Coimbatore,Monthly,4947.81,6,35,Card
BX00927,2025-11-03,,36,Male,Bengaluru,Annual,5158.71,9,49,Card
BX00928,2024-11-12,2025-01-16,38,Female,Mumbai,Monthly,791.08,1,100,Card
BX00929,2025-03-07,2025-09-08,43,Male,Chennai,Monthly,5157.89,6,62,Card
BX00930,2024-06-29,2025-04-09,26,Female,Hyderabad,Monthly,8019.64,10,48,Other
BX00931,2023-12-19,2025-01-13,33,Male,Delhi,Quarterly,9064.62,13,34,UPI
BX00932,2024-08-13,,38,Female,Bengaluru,Quarterly,17383.14,23,57,PayPal
BX00933,2026-01-17,,33,Male,Hyderabad,Monthly,5133.14,7,45,UPI
BX00934,2026-02-12,2026-07-16,33,Female,Kochi,Quarterly,3298.8,5,52,Other
BX00935,2024-04-13,,53,Male,Delhi,Monthly,23754.88,28,67,UPI
BX00936,2025-06-09,,28,Male,Delhi,Quarterly,9509.05,14,85,Card
BX00937,2024-04-29,2025-01-02,24,Male,Hyderabad,Quarterly,6564.91,9,68,UPI
BX00938,2025-05-17,,43,Female,Kolkata,Quarterly,9564.28,13,68,Card
BX00939,2023-10-08,,29,Female,Bengaluru,Annual,17264.07,32,48,Card
BX00940,2026-01-27,,18,Male,Ahmedabad,Monthly,4380.25,5,72,PayPal
BX00941,2024-04-18,,39,Female,Mumbai,Annual,17681.66,27,72,Card
BX00942,2024-04-01,,18,Male,Delhi,Monthly,23090.74,27,85,UPI
BX00943,2023-12-09,,24,Male,Chennai,Quarterly,23160.62,31,85,UPI
BX00944,2024-02-14,,18,Male,Bengaluru,Annual,18883.42,30,47,PayPal
BX00945,2026-02-16,2026-03-26,19,Male,Pune,Quarterly,1501.21,2,21,UPI
BX00946,2025-03-14,,32,Male,Kolkata,Monthly,13326.88,16,59,PayPal
BX00947,2026-07-19,2026-07-21,34,Female,Lucknow,Monthly,1499.93,2,95,Card
BX00948,2024-04-05,,29,Male,Coimbatore,Quarterly,20494.37,27,76,Card
BX00949,2025-05-13,,21,Female,Lucknow,Monthly,11330.63,14,25,Card
BX00950,2025-03-09,,21,Male,Delhi,Quarterly,12261.64,17,52,UPI
BX00951,2025-01-03,2025-10-12,27,Male,Kolkata,Monthly,5777.8,8,33,Card
BX00952,2024-08-31,,20,Female,Ahmedabad,Quarterly,15014.55,21,63,Card
BX00953,2026-02-13,,27,Female,Mumbai,Quarterly,3798.05,5,73,UPI
BX00954,2024-10-24,,37,Female,Delhi,Monthly,15613.97,21,72,UPI
BX00955,2025-01-13,,18,Male,Bengaluru,Quarterly,12014.18,19,48,Card
BX00956,2025-07-25,2025-08-25,30,Male,Lucknow,Monthly,817.63,1,54,UPI
BX00957,2024-05-06,2026-02-05,20,Female,Delhi,Quarterly,14550.18,22,52,PayPal
BX00958,2023-07-24,2023-09-11,35,Male,Mumbai,Monthly,0.0,0,49,UPI
BX00959,2023-09-11,2023-11-28,29,Female,Bengaluru,Monthly,2474.57,3,61,Card
BX00960,2026-05-21,2026-06-23,48,Male,Kochi,Monthly,1565.3,2,70,Card
BX00961,2026-01-21,,40,Male,Bengaluru,Annual,3992.94,7,100,UPI
BX00962,2025-06-28,,30,Male,Lucknow,Quarterly,9059.79,12,54,PayPal
BX00963,2024-11-13,,40,Female,Pune,Quarterly,15486.64,21,100,UPI
BX00964,2025-05-27,2025-08-04,18,Male,Chennai,Quarterly,637.7,1,57,UPI
BX00965,2024-01-22,,43,Female,Kochi,Quarterly,22144.63,29,83,UPI
BX00966,2026-01-11,,42,Female,Kolkata,Monthly,4976.09,6,64,UPI
BX00967,2025-12-29,,32,Female,Jaipur,Monthly,4064.63,5,67,UPI
BX00968,2024-03-13,,27,Female,Jaipur,Monthly,22680.02,29,74,Card
BX00969,2024-03-26,2024-11-07,21,Female,Mumbai,Monthly,6947.37,8,60,UPI
BX00970,2024-07-11,,27,Male,Delhi,Annual,12638.65,23,84,UPI
BX00971,2024-05-03,,34,Female,Delhi,Monthly,21079.46,26,71,Card
BX00972,2023-12-21,,26,Female,Delhi,Annual,19399.91,30,30,UPI
BX00973,2023-10-07,,30,Female,Ahmedabad,Monthly,28621.4,34,81,Card
BX00974,2026-05-26,,46,Female,Bengaluru,Quarterly,737.81,1,69,UPI
BX00975,2026-06-06,2026-07-18,36,Female,Hyderabad,Monthly,0.0,0,25,Other
BX00976,2023-10-20,,31,Female,Chennai,Annual,21723.9,34,81,UPI
BX00977,2025-01-31,,34,Female,Mumbai,Monthly,14222.15,18,50,PayPal
BX00978,2023-12-17,2024-03-31,32,Male,Bengaluru,Quarterly,2681.34,4,84,Card
BX00979,2025-06-03,,21,Male,Bengaluru,Quarterly,8363.52,12,46,UPI
BX00980,2025-04-10,,40,Male,Delhi,Annual,9574.2,15,57,PayPal
BX00981,2025-02-21,,18,Other,Kochi,Monthly,13500.96,17,50,UPI
BX00982,2023-11-20,2024-05-03,30,Female,Ahmedabad,Monthly,4111.3,5,53,UPI
BX00983,2024-07-29,,40,Male,Delhi,Monthly,17325.78,24,71,UPI
BX00984,2024-11-15,,41,Male,Chennai,Monthly,17708.58,21,92,PayPal
BX00985,2025-02-27,,29,Male,Kolkata,Annual,9382.86,15,100,Card
BX00986,2026-02-01,,20,Female,Chennai,Annual,3539.94,6,82,Card
BX00987,2026-01-28,,25,Male,Kolkata,Monthly,4338.41,5,96,PayPal
BX00988,2023-09-08,,35,Female,Bengaluru,Annual,21590.9,34,72,UPI
BX00989,2025-09-25,,34,Male,Delhi,Quarterly,5865.05,8,41,UPI
BX00990,2026-05-06,2026-07-21,46,Female,Bengaluru,Monthly,2548.63,3,80,UPI
BX00991,2024-02-18,2024-08-22,35,Male,Hyderabad,Monthly,4593.58,6,32,Card
BX00992,2025-04-22,2025-11-18,39,Female,Mumbai,Quarterly,5329.18,8,59,Card
BX00993,2025-10-15,2026-07-17,20,Male,Bengaluru,Monthly,5806.62,8,44,Card
BX00994,2025-10-31,,37,Male,Chennai,Monthly,5744.35,7,72,Card
BX00995,2025-11-17,,35,Male,Kochi,Quarterly,4815.21,7,55,UPI
BX00996,2024-11-28,,20,Female,Mumbai,Quarterly,14713.61,20,82,Card
BX00997,2024-09-22,,18,Female,Bengaluru,Monthly,16337.21,22,61,PayPal
BX00998,2024-11-30,,29,Other,Hyderabad,Monthly,17120.98,20,100,UPI
BX00999,2023-11-14,2023-12-28,40,Female,Bengaluru,Monthly,1586.45,2,100,UPI
BX01000,2026-05-24,,42,Male,Ahmedabad,Monthly,0.0,0,67,Card
BX01001,2026-05-21,,38,Female,Chennai,Annual,1851.71,3,100,Other
BX01002,2023-11-11,,19,Male,Pune,Annual,18081.71,31,51,Card
BX01003,2026-01-01,,26,Female,Jaipur,Annual,3597.84,6,82,UPI
BX01004,2024-05-08,,48,Male,Jaipur,Quarterly,20608.53,27,37,Other
BX01005,2026-07-07,,25,Male,Bengaluru,Monthly,1748.34,2,77,Other
BX01006,2026-05-23,2026-06-25,22,Female,Lucknow,Monthly,815.44,1,10,UPI
BX01007,2026-05-20,,36,Female,Jaipur,Monthly,2412.09,3,53,UPI
BX01008,2024-03-18,2025-08-21,23,Male,Bengaluru,Monthly,12715.89,17,24,PayPal
BX01009,2024-01-15,,19,Male,Ahmedabad,Monthly,27090.18,31,68,UPI
BX01010,2023-08-31,,18,Female,Pune,Monthly,27547.38,36,49,Other
BX01011,2026-02-05,,22,Female,Delhi,Monthly,5050.61,6,39,Card
BX01012,2023-12-04,,37,Male,Coimbatore,Monthly,26528.78,33,67,PayPal
BX01013,2024-10-05,,35,Female,Delhi,Quarterly,14717.9,22,45,UPI
BX01014,2025-09-01,,28,Female,Delhi,Monthly,7074.23,9,83,Card
BX01015,2024-12-30,,21,Male,Bengaluru,Annual,9737.01,17,55,Card
BX01016,2025-05-17,,24,Female,Delhi,Monthly,10799.32,14,100,Other
BX01017,2025-08-03,2026-04-15,40,Male,Hyderabad,Monthly,7524.33,9,78,UPI
BX01018,2026-07-19,,21,Female,Hyderabad,Monthly,0.0,0,50,Card
BX01019,2023-09-16,2024-02-28,28,Female,Chennai,Quarterly,3398.39,5,29,UPI
BX01020,2023-12-16,,28,Male,Delhi,Quarterly,22400.87,31,62,PayPal
BX01021,2025-01-10,2025-03-17,24,Female,Chennai,Annual,560.88,1,17,Other
BX01022,2024-05-26,,27,Female,Kochi,Annual,15625.32,25,52,Card
BX01023,2024-06-06,2024-10-18,28,Female,Chennai,Monthly,3755.58,5,83,Card
BX01024,2025-11-04,,28,Female,Bengaluru,Monthly,5959.5,7,52,UPI
BX01025,2025-07-19,,31,Female,Kolkata,Quarterly,7812.75,11,100,UPI
BX01026,2024-02-19,,41,Female,Jaipur,Quarterly,17873.05,28,53,UPI
BX01027,2023-08-02,,27,Female,Bengaluru,Monthly,29613.82,36,73,UPI
BX01028,2026-03-19,,28,Male,Bengaluru,Monthly,3690.03,5,100,Card
BX01029,2024-04-21,2024-07-02,31,Female,Coimbatore,Monthly,1558.59,2,67,UPI
BX01030,2026-03-19,,31,Male,Pune,Monthly,2501.31,3,100,UPI
BX01031,2024-06-07,,48,Male,Lucknow,Monthly,21842.33,26,100,UPI
BX01032,2024-11-13,,31,Female,Chennai,Monthly,16747.66,21,56,Card
BX01033,2024-04-06,2024-10-03,33,Male,Ahmedabad,Monthly,4572.94,6,38,UPI
BX01034,2024-08-18,2024-10-19,31,Female,Mumbai,Monthly,2616.76,3,42,Card
BX01035,2024-07-06,2025-04-15,25,Male,Chennai,Monthly,6855.73,8,67,Card
BX01036,2024-06-08,,26,Female,Delhi,Monthly,20729.97,26,55,PayPal
BX01037,2024-04-05,,43,Female,Kolkata,Quarterly,19912.22,27,50,UPI
BX01038,2026-06-20,2026-07-21,29,Female,Chennai,Monthly,721.35,1,32,UPI
BX01039,2025-01-26,,18,Male,Mumbai,Monthly,13797.2,19,57,PayPal
BX01040,2026-06-13,,49,Female,Jaipur,Monthly,795.5,1,97,UPI
BX01041,2024-04-25,,34,Female,Bengaluru,Monthly,18934.45,26,47,UPI
BX01042,2024-10-23,,41,Male,Delhi,Monthly,17331.05,20,34,Card
BX01043,2023-12-13,,47,Female,Delhi,Annual,19050.82,30,82,UPI
BX01044,2024-05-14,,38,Male,Delhi,Monthly,20713.37,27,46,UPI
BX01045,2024-08-12,2024-10-21,26,Female,Bengaluru,Monthly,1545.88,2,49,UPI
BX01046,2024-06-05,2025-10-17,18,Male,Kochi,Quarterly,10435.19,16,72,Card
BX01047,2024-07-03,2025-04-09,46,Male,Kolkata,Monthly,6710.94,8,32,UPI
BX01048,2026-05-24,2026-06-28,32,Female,Jaipur,Quarterly,1302.61,2,77,Card
BX01049,2024-01-02,,33,Male,Chennai,Quarterly,21197.99,32,79,UPI
BX01050,2025-10-02,,36,Male,Mumbai,Monthly,6079.98,8,70,UPI
BX01051,2024-07-14,2024-09-13,25,Female,Lucknow,Monthly,786.86,1,50,UPI
BX01052,2025-01-11,,27,Female,Kolkata,Monthly,13152.07,17,39,Card
BX01053,2024-09-30,,37,Male,Chennai,Monthly,17195.33,21,100,Card
BX01054,2025-06-04,,22,Male,Hyderabad,Annual,7592.25,14,30,Card
BX01055,2023-11-12,2024-02-29,35,Female,Mumbai,Monthly,2451.15,3,18,PayPal
BX01056,2025-05-10,,28,Female,Chennai,Annual,7199.93,13,51,Card
BX01057,2025-03-22,,23,Other,Delhi,Monthly,11545.71,16,68,PayPal
BX01058,2025-02-16,,42,Male,Kolkata,Quarterly,10945.59,17,71,Card
BX01059,2025-07-04,,38,Female,Coimbatore,Annual,6847.05,11,86,UPI
BX01060,2023-08-29,,43,Male,Pune,Monthly,28367.7,36,54,Card
BX01061,2026-01-11,,18,Female,Pune,Annual,3545.1,6,94,UPI
BX01062,2024-02-25,,41,Male,Pune,Annual,16417.42,30,58,Card
BX01063,2026-06-11,,39,Female,Hyderabad,Monthly,1748.92,2,41,UPI
BX01064,2024-04-05,,52,Male,Bengaluru,Monthly,19834.23,26,76,UPI
BX01065,2026-06-30,,25,Female,Chennai,Annual,0.0,0,59,UPI
BX01066,2024-05-24,,33,Male,Chennai,Monthly,19298.35,26,76,Card
BX01067,2025-01-22,,29,Male,Bengaluru,Quarterly,12081.76,18,51,Card
BX01068,2023-08-24,2024-01-01,18,Male,Kolkata,Quarterly,3026.41,4,25,Other
BX01069,2025-09-06,,19,Male,Delhi,Quarterly,6764.82,10,55,PayPal
BX01070,2024-08-07,,40,Female,Hyderabad,Quarterly,14937.78,23,81,Other
BX01071,2025-07-08,,25,Male,Mumbai,Monthly,9504.19,12,71,UPI
BX01072,2026-03-21,,29,Male,Ahmedabad,Monthly,2331.97,3,28,UPI
BX01073,2025-01-27,,25,Female,Lucknow,Annual,10500.99,17,34,Card
BX01074,2025-05-04,,44,Male,Bengaluru,Monthly,11886.08,14,56,UPI
BX01075,2026-01-04,2026-07-04,27,Male,Hyderabad,Monthly,4366.71,6,70,Card
BX01076,2024-12-12,2025-02-24,19,Female,Kochi,Monthly,726.6,1,60,Card
BX01077,2024-06-22,,43,Female,Kolkata,Monthly,21319.14,25,87,PayPal
BX01078,2023-11-28,,20,Female,Mumbai,Quarterly,21979.44,32,38,PayPal
BX01079,2024-06-04,,28,Male,Mumbai,Quarterly,18787.55,26,100,UPI
BX01080,2025-04-03,2025-08-11,18,Male,Mumbai,Quarterly,2134.81,3,69,UPI
BX01081,2024-11-18,2025-03-24,29,Male,Mumbai,Monthly,4353.43,5,53,Card
BX01082,2024-08-21,,33,Female,Kolkata,Quarterly,14419.54,22,65,UPI
BX01083,2025-11-14,,30,Female,Bengaluru,Quarterly,6026.73,9,95,UPI
BX01084,2024-01-20,,34,Female,Ahmedabad,Quarterly,23154.64,31,66,Other
BX01085,2024-02-23,2024-09-21,47,Female,Lucknow,Monthly,6168.45,8,74,UPI
BX01086,2025-07-21,2026-05-20,28,Female,Mumbai,Monthly,8567.06,10,54,UPI
BX01087,2024-05-09,,36,Female,Chennai,Annual,15518.48,26,90,UPI
BX01088,2024-11-28,,32,Male,Chennai,Monthly,14633.27,19,59,Card
BX01089,2024-04-08,,36,Female,Hyderabad,Annual,17725.84,28,100,Card
BX01090,2024-08-09,,21,Male,Pune,Quarterly,15228.89,24,58,Card
BX01091,2025-12-05,,18,Female,Coimbatore,Quarterly,5153.06,8,60,UPI
BX01092,2026-06-26,2026-07-20,31,Female,Bengaluru,Quarterly,1286.5,2,65,UPI
BX01093,2026-05-29,2026-07-01,21,Male,Mumbai,Quarterly,1515.44,2,15,Card
BX01094,2026-01-23,,18,Female,Ahmedabad,Quarterly,4388.68,6,21,UPI
BX01095,2025-03-04,,20,Male,Delhi,Quarterly,11027.3,17,46,UPI
BX01096,2025-01-04,,32,Female,Kochi,Annual,10221.05,18,52,Card
BX01097,2025-04-21,,27,Female,Bengaluru,Monthly,10985.05,15,69,Other
BX01098,2024-02-21,2024-07-05,28,Female,Ahmedabad,Monthly,2946.21,4,54,UPI
BX01099,2024-04-24,,25,Female,Mumbai,Quarterly,17230.06,26,98,Card
BX01100,2023-11-12,2024-06-14,37,Male,Kochi,Monthly,4495.48,6,64,Other
BX01101,2025-07-22,,36,Female,Bengaluru,Annual,7051.22,12,82,PayPal
BX01102,2024-05-19,2024-09-05,18,Female,Mumbai,Monthly,1743.55,2,36,Card
BX01103,2024-12-03,,28,Male,Delhi,Monthly,15266.58,20,100,UPI
BX01104,2024-03-16,,38,Male,Pune,Quarterly,19033.23,29,59,UPI
BX01105,2025-02-01,,32,Male,Mumbai,Annual,9853.84,18,78,PayPal
BX01106,2025-04-14,,23,Male,Chennai,Quarterly,10494.39,15,32,Card
BX01107,2025-08-30,,40,Male,Jaipur,Quarterly,6453.87,10,50,UPI
BX01108,2025-01-29,2025-08-11,18,Female,Mumbai,Monthly,3887.39,5,46,Card
BX01109,2024-02-07,,26,Other,Delhi,Annual,16180.26,28,74,UPI
BX01110,2023-11-20,2024-02-19,28,Female,Pune,Monthly,2344.39,3,74,UPI
BX01111,2025-01-14,,22,Female,Pune,Monthly,13977.51,17,48,UPI
BX01112,2025-05-18,2025-09-17,42,Male,Chennai,Monthly,3336.17,4,52,Card
BX01113,2025-09-02,2025-12-19,18,Male,Kolkata,Monthly,2404.67,3,50,Card
BX01114,2026-03-02,,41,Female,Kochi,Monthly,3902.66,5,54,UPI
BX01115,2025-11-05,2026-02-11,18,Male,Mumbai,Monthly,3400.55,4,63,UPI
BX01116,2025-02-10,,45,Male,Coimbatore,Quarterly,10449.78,16,38,UPI
BX01117,2025-06-08,,41,Male,Delhi,Annual,6884.08,12,62,UPI
BX01118,2025-11-21,,40,Male,Delhi,Annual,4553.92,7,87,UPI
BX01119,2023-12-23,2024-01-24,51,Male,Chennai,Monthly,742.41,1,27,Card
BX01120,2024-04-19,,31,Female,Ahmedabad,Annual,15989.38,26,77,UPI
BX01121,2025-02-10,,52,Male,Bengaluru,Quarterly,10861.54,17,51,UPI
BX01122,2025-01-16,,22,Other,Kolkata,Quarterly,11883.97,18,75,Card
BX01123,2023-10-02,2024-04-06,31,Female,Pune,Monthly,5308.85,7,55,Other
BX01124,2026-01-23,,32,Female,Bengaluru,Monthly,4983.54,6,52,UPI
BX01125,2026-05-24,,36,Male,Chennai,Quarterly,0.0,0,76,Card
BX01126,2024-09-25,,29,Male,Delhi,Monthly,15671.44,21,84,Card
BX01127,2024-01-07,,33,Female,Bengaluru,Monthly,23932.51,29,53,UPI
BX01128,2025-04-03,,29,Male,Jaipur,Annual,8840.17,14,68,Other
BX01129,2026-03-30,,18,Female,Kolkata,Monthly,2176.59,3,62,Card
BX01130,2025-05-09,,29,Male,Delhi,Annual,8946.58,14,81,UPI
BX01131,2023-08-02,,38,Female,Delhi,Monthly,28954.67,36,64,UPI
BX01132,2025-10-27,,18,Male,Delhi,Monthly,5936.69,8,59,Card
BX01133,2024-01-06,,21,Male,Pune,Quarterly,21188.13,29,51,UPI
BX01134,2026-05-22,2026-07-21,18,Female,Coimbatore,Monthly,1636.2,2,53,Card
BX01135,2024-06-17,,26,Female,Bengaluru,Annual,15953.12,26,70,Other
BX01136,2025-01-22,2025-04-26,32,Female,Bengaluru,Monthly,1462.97,2,44,PayPal
BX01137,2024-02-14,,32,Male,Ahmedabad,Monthly,21723.63,29,85,UPI
BX01138,2024-09-11,2025-01-19,30,Female,Mumbai,Monthly,2936.33,4,67,UPI
BX01139,2025-08-26,2026-02-10,20,Female,Pune,Monthly,5063.54,6,20,PayPal
BX01140,2025-08-08,,28,Female,Lucknow,Annual,6896.89,12,78,UPI
BX01141,2024-06-09,,29,Male,Chennai,Quarterly,17960.73,24,47,Card
BX01142,2024-05-01,2024-07-09,18,Female,Hyderabad,Monthly,1510.43,2,53,UPI
BX01143,2026-03-06,,28,Female,Pune,Annual,2495.06,4,74,UPI
BX01144,2025-05-11,2025-06-12,31,Male,Delhi,Quarterly,669.37,1,64,Card
BX01145,2025-11-20,,42,Male,Kolkata,Monthly,6588.22,8,75,UPI
BX01146,2025-08-14,,35,Male,Kochi,Quarterly,7851.55,12,58,UPI
BX01147,2025-07-06,,31,Male,Chennai,Monthly,8710.89,11,85,UPI
BX01148,2026-04-23,2026-07-11,23,Male,Kolkata,Monthly,1711.31,2,37,UPI
BX01149,2024-12-30,2025-02-08,31,Male,Bengaluru,Quarterly,1412.39,2,23,Other
BX01150,2024-10-02,2024-12-05,22,Female,Bengaluru,Quarterly,1389.98,2,57,Card
BX01151,2024-06-04,,42,Male,Hyderabad,Annual,15111.83,25,81,UPI
BX01152,2025-07-25,,30,Female,Bengaluru,Monthly,9598.84,12,76,Other
BX01153,2024-12-20,,34,Male,Mumbai,Quarterly,13689.55,18,73,Card
BX01154,2026-07-07,,32,Male,Mumbai,Annual,568.98,1,75,UPI
BX01155,2023-10-05,,34,Male,Lucknow,Monthly,28529.82,34,61,UPI
BX01156,2025-12-10,,18,Male,Delhi,Monthly,6220.54,8,78,UPI
BX01157,2026-02-13,,46,Female,Delhi,Quarterly,3255.3,5,92,Card
BX01158,2024-02-26,2024-09-09,31,Female,Kochi,Monthly,5656.87,7,66,UPI
BX01159,2025-12-07,,33,Other,Kolkata,Quarterly,5614.42,8,74,Card
BX01160,2025-04-21,2025-12-31,27,Female,Mumbai,Quarterly,6323.28,9,64,UPI
BX01161,2025-01-10,2025-07-17,20,Female,Mumbai,Monthly,4203.38,5,58,Card
BX01162,2023-12-15,2024-01-27,36,Male,Delhi,Monthly,831.21,1,47,Card
BX01163,2024-08-01,2024-10-17,39,Male,Kolkata,Monthly,734.11,1,53,UPI
BX01164,2024-02-06,2024-03-07,47,Female,Lucknow,Monthly,0.0,0,45,UPI
BX01165,2025-08-18,,42,Female,Jaipur,Monthly,8859.16,11,65,UPI
BX01166,2024-03-12,2024-07-26,41,Female,Kolkata,Monthly,3296.03,4,28,UPI
BX01167,2024-03-30,,25,Male,Hyderabad,Quarterly,17080.63,27,82,Other
BX01168,2023-11-03,,19,Male,Kochi,Quarterly,21884.64,33,48,PayPal
BX01169,2023-11-07,,35,Other,Mumbai,Annual,18603.27,33,47,UPI
BX01170,2024-01-25,,23,Male,Coimbatore,Monthly,23515.2,29,32,Card
BX01171,2023-12-12,,23,Female,Bengaluru,Monthly,24412.08,31,52,UPI
BX01172,2025-03-31,2025-11-01,41,Male,Chennai,Monthly,5092.16,7,51,Card
BX01173,2024-09-22,,33,Male,Ahmedabad,Monthly,17773.86,23,47,UPI
BX01174,2025-10-23,2026-02-22,33,Female,Bengaluru,Quarterly,2121.56,3,31,UPI
BX01175,2023-09-13,,25,Female,Chennai,Monthly,28732.94,33,83,Card
BX01176,2026-04-25,,38,Female,Chennai,Monthly,2297.97,3,67,UPI
BX01177,2026-02-01,,29,Male,Pune,Quarterly,3239.66,5,97,Card
BX01178,2025-10-12,2026-02-27,34,Male,Bengaluru,Monthly,3139.43,4,64,Other
BX01179,2024-11-11,,20,Male,Hyderabad,Monthly,18362.66,21,84,Card
BX01180,2024-02-08,,31,Male,Chennai,Quarterly,18894.32,29,87,UPI
BX01181,2025-01-02,2025-06-04,31,Male,Kolkata,Monthly,4234.59,5,57,Card
BX01182,2024-09-28,,29,Male,Chennai,Quarterly,14157.46,21,94,Card
BX01183,2026-02-05,,28,Male,Kolkata,Annual,3428.82,6,56,UPI
BX01184,2025-04-28,2025-09-07,29,Male,Bengaluru,Quarterly,3364.32,5,78,Card
BX01185,2025-07-28,,31,Male,Mumbai,Annual,5730.74,10,92,UPI
BX01186,2025-09-18,2026-07-19,27,Female,Bengaluru,Monthly,8106.7,10,93,UPI
BX01187,2024-08-10,,23,Other,Mumbai,Monthly,17387.76,22,39,UPI
BX01188,2025-11-13,,37,Female,Delhi,Monthly,5917.85,8,62,Card
BX01189,2024-09-06,2025-08-10,28,Female,Mumbai,Monthly,7972.18,10,36,UPI
BX01190,2025-11-08,,43,Male,Chennai,Monthly,5796.36,8,62,Card
BX01191,2026-01-31,,26,Female,Bengaluru,Annual,3518.13,6,82,UPI
BX01192,2025-05-17,2026-01-20,27,Male,Pune,Monthly,6886.99,8,39,Card
BX01193,2026-04-23,,19,Female,Mumbai,Quarterly,2132.72,3,22,UPI
BX01194,2026-03-17,,31,Male,Delhi,Quarterly,3627.42,5,90,UPI
BX01195,2026-01-17,2026-02-28,29,Male,Kochi,Monthly,0.0,0,90,Card
BX01196,2024-04-14,,47,Male,Chennai,Monthly,24562.89,28,54,Other
BX01197,2023-11-04,,18,Male,Kolkata,Annual,18627.23,34,49,Card
BX01198,2026-06-26,2026-07-20,22,Male,Mumbai,Monthly,1627.19,2,16,Other
BX01199,2026-05-17,,37,Male,Ahmedabad,Annual,1815.88,3,70,Card
BX01200,2023-12-28,,33,Female,Delhi,Quarterly,20723.17,31,100,UPI
BX01201,2024-11-01,,37,Female,Mumbai,Monthly,15955.72,20,100,UPI
BX01202,2025-08-15,2026-01-12,32,Female,Chennai,Monthly,4663.11,6,69,UPI
BX01203,2025-10-20,2026-05-26,44,Male,Coimbatore,Monthly,6093.45,7,33,UPI
BX01204,2025-03-08,2025-04-09,31,Male,Hyderabad,Monthly,738.97,1,45,UPI
BX01205,2025-05-01,2025-12-15,38,Male,Hyderabad,Monthly,5987.47,8,33,UPI
BX01206,2023-07-29,,25,Male,Lucknow,Monthly,28172.73,36,57,UPI
BX01207,2025-11-18,2026-07-18,33,Female,Delhi,Monthly,5352.81,7,68,UPI
BX01208,2025-11-30,,24,Male,Delhi,Monthly,5917.87,8,62,Card
BX01209,2025-07-01,,31,Male,Bengaluru,Annual,7326.05,12,52,Card
BX01210,2025-12-08,,28,Male,Chennai,Quarterly,4089.07,6,46,UPI
BX01211,2026-06-25,2026-07-17,43,Female,Chennai,Monthly,861.63,1,57,UPI
BX01212,2025-07-11,,27,Female,Mumbai,Monthly,9742.22,12,83,UPI
BX01213,2024-03-29,,28,Female,Pune,Quarterly,19053.56,27,69,Card
BX01214,2024-12-01,2025-06-12,18,Male,Hyderabad,Quarterly,3884.68,6,3,Card
BX01215,2023-11-24,,18,Male,Mumbai,Annual,20170.63,32,72,Card
BX01216,2023-12-21,2024-04-01,25,Male,Kolkata,Monthly,1510.26,2,39,Card
BX01217,2023-12-22,,41,Female,Pune,Monthly,26715.45,31,61,Card
BX01218,2023-08-21,2023-09-26,38,Female,Hyderabad,Annual,0.0,0,79,PayPal
BX01219,2026-06-21,2026-07-19,22,Female,Lucknow,Quarterly,700.96,1,54,UPI
BX01220,2024-03-27,,26,Female,Lucknow,Annual,16159.99,29,100,Card
BX01221,2024-01-29,,35,Female,Chennai,Quarterly,22797.38,31,63,Card
BX01222,2024-07-20,,22,Male,Ahmedabad,Annual,13129.49,24,67,UPI
BX01223,2024-04-26,2025-08-23,31,Male,Delhi,Monthly,11064.04,15,100,Card
BX01224,2025-06-10,,18,Male,Bengaluru,Annual,8785.98,14,93,PayPal
BX01225,2024-07-27,2024-10-29,51,Female,Coimbatore,Quarterly,1529.41,2,40,Card
BX01226,2024-06-14,,21,Male,Mumbai,Quarterly,18818.68,26,64,Other
BX01227,2023-08-30,,29,Male,Ahmedabad,Quarterly,22137.45,35,100,UPI
BX01228,2024-03-20,,25,Male,Coimbatore,Monthly,20608.75,28,45,Card
BX01229,2025-11-14,,34,Male,Delhi,Quarterly,5579.43,8,26,Card
BX01230,2023-10-12,,35,Male,Bengaluru,Annual,18972.98,33,100,PayPal
BX01231,2024-04-04,,32,Male,Hyderabad,Monthly,20895.76,27,89,Other
BX01232,2024-11-27,,23,Male,Lucknow,Annual,11976.48,20,89,Card
BX01233,2026-01-14,,35,Male,Chennai,Quarterly,3351.54,5,82,Other
BX01234,2024-10-06,,30,Female,Chennai,Monthly,16200.63,20,77,Card
BX01235,2024-03-01,2024-04-10,35,Female,Delhi,Monthly,0.0,0,49,UPI
BX01236,2024-06-01,,45,Male,Chennai,Monthly,22641.76,26,82,Card
BX01237,2025-05-17,,36,Male,Bengaluru,Monthly,13164.19,15,63,Card
BX01238,2025-06-16,2025-07-24,33,Female,Delhi,Quarterly,708.29,1,66,Card
BX01239,2024-06-22,,30,Female,Chennai,Quarterly,19084.78,26,68,UPI
BX01240,2024-08-28,,24,Female,Mumbai,Monthly,19334.8,24,61,Card
BX01241,2026-01-21,,29,Male,Kolkata,Monthly,4509.15,6,30,PayPal
BX01242,2023-10-11,,45,Male,Ahmedabad,Annual,19000.87,34,72,Card
BX01243,2026-06-26,2026-07-17,42,Female,Lucknow,Monthly,1476.05,2,37,UPI
BX01244,2026-05-02,2026-07-08,18,Female,Kolkata,Monthly,1484.02,2,24,UPI
BX01245,2024-02-09,,41,Male,Chennai,Annual,19713.51,30,74,PayPal
BX01246,2024-03-22,,35,Male,Mumbai,Quarterly,20682.6,28,54,UPI
BX01247,2026-03-28,,31,Male,Pune,Quarterly,1488.58,2,82,Card
BX01248,2024-02-27,2024-09-28,18,Female,Chennai,Monthly,6062.78,7,36,UPI
BX01249,2024-06-13,2024-08-24,18,Female,Kochi,Monthly,1689.35,2,88,Other
BX01250,2023-11-04,,24,Female,Kolkata,Monthly,29572.5,34,71,Card
BX01251,2024-06-16,,30,Male,Chennai,Monthly,20384.94,26,69,Card
BX01252,2026-03-08,,48,Female,Pune,Quarterly,1958.26,3,73,UPI
BX01253,2026-06-10,2026-07-17,40,Male,Jaipur,Monthly,1535.42,2,26,UPI
BX01254,2024-07-20,,19,Female,Kolkata,Annual,16459.07,25,37,UPI
BX01255,2024-03-07,2024-07-07,18,Female,Chennai,Monthly,3909.52,5,67,Card
BX01256,2024-07-10,2025-04-07,31,Female,Chennai,Monthly,6865.73,8,95,Card
BX01257,2024-08-30,,54,Female,Chennai,Quarterly,14459.53,22,92,UPI
BX01258,2023-11-28,2024-05-08,23,Male,Pune,Monthly,3354.31,4,46,PayPal
BX01259,2025-08-06,2026-01-10,18,Male,Kolkata,Monthly,5089.22,6,38,UPI
BX01260,2025-06-20,,18,Female,Pune,Monthly,11166.76,13,79,PayPal
BX01261,2025-02-16,,42,Male,Hyderabad,Quarterly,12752.34,17,75,Other
BX01262,2024-03-09,,25,Male,Delhi,Monthly,22916.96,28,73,UPI
BX01263,2026-04-12,,31,Male,Mumbai,Annual,1749.96,3,86,UPI
BX01264,2024-04-28,,41,Male,Pune,Monthly,23281.11,28,78,UPI
BX01265,2025-05-11,2025-09-25,45,Male,Pune,Monthly,3733.48,5,62,UPI
BX01266,2024-09-22,2025-02-26,23,Female,Chennai,Quarterly,3850.75,6,41,UPI
BX01267,2025-10-25,,42,Female,Hyderabad,Annual,5267.89,8,88,PayPal
BX01268,2023-12-08,2024-12-08,27,Female,Chennai,Quarterly,9705.05,13,66,UPI
BX01269,2024-10-31,,25,Female,Mumbai,Monthly,15517.92,19,58,UPI
BX01270,2025-09-17,,45,Female,Bengaluru,Annual,5824.33,10,100,Card
BX01271,2024-05-11,,26,Female,Mumbai,Monthly,19736.27,25,100,Card
BX01272,2024-11-21,,40,Male,Jaipur,Monthly,15266.54,20,81,Card
BX01273,2025-02-15,,28,Female,Mumbai,Quarterly,12049.23,17,65,Other
BX01274,2025-01-23,,28,Female,Bengaluru,Annual,10701.12,17,74,UPI
BX01275,2024-01-24,,47,Male,Hyderabad,Monthly,26931.55,31,37,UPI
BX01276,2023-09-19,2023-11-28,22,Male,Mumbai,Quarterly,762.34,1,43,UPI
BX01277,2023-08-04,,31,Male,Lucknow,Quarterly,25606.31,36,63,PayPal
BX01278,2024-11-13,,40,Female,Delhi,Quarterly,15078.75,20,91,UPI
BX01279,2024-10-30,,18,Female,Bengaluru,Monthly,16597.45,21,31,PayPal
BX01280,2024-08-19,,35,Female,Coimbatore,Annual,12831.81,23,44,Other
BX01281,2025-03-31,,41,Female,Delhi,Annual,10160.55,16,97,PayPal
BX01282,2026-02-18,,32,Male,Delhi,Monthly,5185.99,6,72,UPI
BX01283,2025-11-15,,29,Female,Kolkata,Annual,4525.08,8,43,UPI
BX01284,2025-10-01,2026-07-02,30,Female,Mumbai,Monthly,8273.08,10,66,Card
BX01285,2025-09-07,,33,Female,Kochi,Annual,5700.81,9,64,Other
BX01286,2024-11-23,,35,Male,Mumbai,Monthly,15823.26,19,96,Card
BX01287,2024-04-20,,26,Male,Hyderabad,Quarterly,17886.74,27,35,UPI
BX01288,2025-08-16,,18,Female,Jaipur,Monthly,9181.25,11,91,PayPal
BX01289,2026-01-13,,24,Male,Lucknow,Annual,3918.09,6,63,PayPal
BX01290,2026-01-22,2026-07-20,32,Male,Hyderabad,Monthly,4073.61,5,58,Other
BX01291,2024-11-11,,31,Female,Ahmedabad,Quarterly,14370.62,21,100,Card
BX01292,2024-12-08,2025-10-18,47,Male,Hyderabad,Monthly,6593.19,9,48,UPI
BX01293,2026-07-12,,41,Female,Hyderabad,Annual,570.32,1,80,Other
BX01294,2025-05-04,,28,Male,Bengaluru,Annual,8485.84,15,100,UPI
BX01295,2024-11-29,,48,Female,Delhi,Monthly,13010.92,18,72,UPI
BX01296,2024-08-03,,28,Male,Mumbai,Monthly,18688.89,23,74,PayPal
BX01297,2025-03-09,,35,Female,Jaipur,Annual,10493.47,16,100,Card
BX01298,2023-09-02,,35,Female,Bengaluru,Quarterly,27246.41,36,55,UPI
BX01299,2026-04-21,,36,Male,Delhi,Annual,1282.25,2,85,UPI
BX01300,2025-02-23,,25,Female,Pune,Annual,11331.27,18,69,UPI
BX01301,2025-03-06,,29,Female,Bengaluru,Quarterly,11893.83,16,80,UPI
BX01302,2025-12-27,,32,Female,Coimbatore,Quarterly,3451.06,5,79,UPI
BX01303,2024-12-04,2025-01-20,23,Male,Ahmedabad,Quarterly,0.0,0,61,PayPal
BX01304,2025-05-06,,30,Male,Ahmedabad,Annual,7692.68,14,78,Card
BX01305,2025-02-10,,24,Male,Kochi,Quarterly,12719.39,17,84,Other
BX01306,2024-07-04,,28,Other,Chennai,Monthly,20309.94,24,45,Card
BX01307,2024-03-17,2024-09-01,36,Male,Jaipur,Quarterly,2700.29,4,59,UPI
BX01308,2023-11-08,2024-05-20,18,Male,Chennai,Monthly,5545.82,7,95,UPI
BX01309,2023-07-24,,25,Female,Pune,Monthly,31600.98,37,50,UPI
BX01310,2026-01-18,,35,Female,Coimbatore,Annual,3919.74,7,59,UPI
BX01311,2025-08-13,,44,Male,Bengaluru,Quarterly,7441.99,11,67,Card
BX01312,2023-11-08,,30,Male,Pune,Annual,17063.9,31,69,UPI
BX01313,2024-08-24,2025-04-09,24,Female,Pune,Monthly,5072.81,7,34,Card
BX01314,2024-05-31,,28,Female,Jaipur,Monthly,21099.31,26,61,UPI
BX01315,2023-12-04,2024-01-09,18,Male,Delhi,Quarterly,1267.72,2,56,Card
BX01316,2023-10-14,2024-04-19,21,Male,Coimbatore,Monthly,4686.99,6,38,Card
BX01317,2023-10-31,,29,Other,Kochi,Monthly,28666.74,34,66,Card
BX01318,2026-05-09,,39,Male,Delhi,Monthly,843.17,1,90,PayPal
BX01319,2026-03-24,2026-04-29,34,Female,Kochi,Quarterly,0.0,0,69,UPI
BX01320,2025-05-26,,21,Male,Kolkata,Monthly,10814.61,14,66,Card
BX01321,2024-10-10,,23,Male,Delhi,Annual,12371.67,22,40,UPI
BX01322,2023-12-13,,31,Male,Kochi,Quarterly,21825.33,32,78,UPI
BX01323,2025-06-13,,22,Male,Chennai,Quarterly,8242.78,12,38,Card
BX01324,2025-10-10,2026-06-21,34,Female,Delhi,Annual,5720.06,9,29,PayPal
BX01325,2026-04-05,,28,Female,Bengaluru,Quarterly,1939.94,3,75,Card
BX01326,2024-03-27,,18,Male,Kolkata,Quarterly,17929.97,28,42,UPI
BX01327,2026-04-08,,18,Male,Bengaluru,Monthly,2472.32,3,90,Card
BX01328,2025-06-02,2025-09-06,34,Female,Chennai,Monthly,1692.97,2,42,UPI
BX01329,2024-10-05,,36,Male,Delhi,Quarterly,14474.55,20,69,Card
BX01330,2025-01-20,,25,Male,Chennai,Quarterly,13656.49,19,20,Other
BX01331,2024-05-21,,18,Male,Jaipur,Monthly,20659.89,25,28,UPI
BX01332,2025-06-01,,38,Female,Jaipur,Annual,8566.39,14,87,UPI
BX01333,2025-03-17,,26,Male,Pune,Monthly,12291.24,15,67,Other
BX01334,2026-06-11,2026-07-17,29,Male,Bengaluru,Monthly,876.45,1,44,Other
BX01335,2025-09-07,,28,Female,Lucknow,Quarterly,6978.11,11,85,Card
BX01336,2025-11-30,2026-01-15,35,Male,Chennai,Monthly,801.68,1,40,Other
BX01337,2024-06-17,2025-01-16,18,Female,Kolkata,Monthly,4779.49,6,47,Card
BX01338,2026-02-14,,27,Male,Chennai,Monthly,5070.65,6,58,Card
BX01339,2025-07-29,,22,Male,Pune,Monthly,8890.96,12,84,UPI
BX01340,2026-05-02,,21,Male,Hyderabad,Quarterly,2259.68,3,78,PayPal
BX01341,2025-12-01,,43,Female,Kolkata,Annual,3822.16,6,97,Card
BX01342,2024-02-05,,19,Female,Delhi,Monthly,25424.04,29,42,Card
BX01343,2025-06-19,,32,Female,Kolkata,Monthly,8940.89,12,72,UPI
BX01344,2026-02-19,,49,Female,Mumbai,Annual,2782.4,5,57,Other
BX01345,2024-07-31,,26,Female,Kochi,Quarterly,15373.09,24,100,Card
BX01346,2025-03-12,,45,Male,Mumbai,Monthly,11545.02,16,47,UPI
BX01347,2023-11-09,,29,Female,Chennai,Monthly,27882.02,32,86,Card
BX01348,2025-04-22,,24,Female,Chennai,Quarterly,10946.87,16,57,Other
BX01349,2024-11-30,,18,Female,Ahmedabad,Annual,12648.77,20,100,UPI
BX01350,2025-08-05,2026-03-22,26,Female,Delhi,Monthly,6193.22,8,52,UPI
BX01351,2024-07-20,2024-10-06,40,Male,Pune,Annual,579.07,1,62,PayPal
BX01352,2025-10-19,,21,Female,Pune,Monthly,7977.16,10,84,UPI
BX01353,2024-05-13,2024-07-17,18,Male,Ahmedabad,Quarterly,737.18,1,15,UPI
BX01354,2025-01-27,2025-06-09,20,Female,Mumbai,Monthly,4336.51,5,38,PayPal
BX01355,2026-03-31,2026-07-06,29,Female,Chennai,Monthly,2998.9,4,77,Card
BX01356,2025-01-12,,32,Female,Delhi,Monthly,15584.39,18,91,Card
BX01357,2024-04-18,,24,Female,Hyderabad,Annual,15568.84,26,55,UPI
BX01358,2026-03-21,,29,Female,Kochi,Annual,2550.15,4,79,UPI
BX01359,2023-11-28,,43,Female,Mumbai,Monthly,25149.86,31,100,Card
BX01360,2023-07-28,,24,Male,Kochi,Monthly,28082.98,35,29,Card
BX01361,2026-05-19,,37,Female,Mumbai,Annual,591.91,1,100,PayPal
BX01362,2023-11-06,,34,Female,Kochi,Monthly,24903.34,31,59,Card
BX01363,2024-07-15,2024-08-22,22,Male,Mumbai,Quarterly,0.0,0,59,UPI
BX01364,2025-11-07,,39,Male,Coimbatore,Quarterly,5298.78,8,40,UPI
BX01365,2025-04-10,2025-06-17,39,Male,Bengaluru,Monthly,1622.43,2,54,UPI
BX01366,2026-02-27,,20,Female,Delhi,Monthly,2944.55,4,56,UPI
BX01367,2023-10-22,,38,Female,Coimbatore,Annual,21134.78,33,100,UPI
BX01368,2024-01-25,2024-03-10,48,Male,Chennai,Quarterly,720.27,1,69,Card
BX01369,2023-12-18,2024-03-29,27,Female,Bengaluru,Monthly,2381.14,3,58,UPI
BX01370,2026-01-02,,27,Male,Bengaluru,Monthly,4712.32,6,70,Card
BX01371,2024-12-04,2025-03-04,19,Female,Chennai,Annual,1946.67,3,52,UPI
BX01372,2024-11-27,,23,Female,Delhi,Monthly,16636.86,20,100,UPI
BX01373,2025-10-28,2026-03-03,23,Female,Mumbai,Monthly,3219.51,4,59,UPI
BX01374,2026-06-25,,33,Male,Ahmedabad,Annual,1099.49,2,49,UPI
BX01375,2026-01-28,,21,Female,Kochi,Quarterly,4497.16,6,46,PayPal
BX01376,2025-06-24,,50,Male,Delhi,Annual,8207.96,13,88,PayPal
BX01377,2024-08-04,,36,Male,Mumbai,Annual,13759.03,23,100,Card
BX01378,2025-12-21,,34,Female,Delhi,Monthly,4732.16,6,75,PayPal
BX01379,2025-11-28,,29,Female,Chennai,Monthly,5096.51,6,95,UPI
BX01380,2025-07-24,2025-08-26,31,Male,Pune,Quarterly,0.0,0,57,Card
BX01381,2023-11-25,,32,Female,Delhi,Annual,17059.79,31,85,Card
BX01382,2026-05-18,,29,Other,Coimbatore,Annual,1270.42,2,100,PayPal
BX01383,2025-08-10,,31,Male,Mumbai,Annual,7021.53,11,94,PayPal
BX01384,2026-05-03,,32,Male,Chennai,Annual,614.11,1,63,Card
BX01385,2025-06-15,,18,Female,Mumbai,Quarterly,7856.98,12,76,UPI
BX01386,2025-03-23,,43,Female,Bengaluru,Quarterly,11920.26,16,100,Card
BX01387,2025-08-11,2026-02-15,30,Male,Ahmedabad,Monthly,5444.42,7,60,Other
BX01388,2024-03-04,2024-07-06,32,Male,Hyderabad,Monthly,2540.32,3,35,UPI
BX01389,2023-10-15,,27,Female,Bengaluru,Monthly,26370.99,33,51,UPI
BX01390,2024-09-20,2025-03-27,25,Male,Bengaluru,Quarterly,3810.11,5,83,Other
BX01391,2023-11-15,,24,Female,Chennai,Annual,19052.62,33,68,Card
BX01392,2025-12-12,2026-02-11,30,Male,Chennai,Monthly,1472.84,2,31,UPI
BX01393,2026-03-03,2026-05-03,35,Female,Mumbai,Annual,635.22,1,77,UPI
BX01394,2024-12-05,2025-11-15,34,Other,Delhi,Monthly,7674.83,10,24,UPI
BX01395,2025-01-12,,30,Female,Chennai,Monthly,15188.96,18,58,Card
BX01396,2025-08-15,,27,Female,Coimbatore,Monthly,9923.89,12,54,Card
BX01397,2025-06-13,,25,Male,Ahmedabad,Monthly,10389.34,13,83,UPI
BX01398,2024-08-22,2025-01-04,28,Male,Ahmedabad,Monthly,2481.08,3,57,UPI
BX01399,2026-04-16,,25,Male,Pune,Annual,1271.88,2,42,Card
BX01400,2026-06-10,,37,Male,Ahmedabad,Monthly,0.0,0,88,Card
BX01401,2024-02-10,2025-01-07,22,Female,Delhi,Monthly,7700.0,10,43,UPI
BX01402,2024-05-19,,39,Female,Pune,Annual,15899.11,25,82,Card
BX01403,2024-12-29,2025-02-15,32,Female,Bengaluru,Monthly,800.9,1,47,PayPal
BX01404,2025-09-22,,41,Male,Bengaluru,Monthly,8300.85,11,65,UPI
BX01405,2024-04-17,,29,Female,Pune,Monthly,21209.85,27,77,UPI
BX01406,2025-10-05,2026-05-22,32,Male,Chennai,Quarterly,3859.32,6,37,UPI
BX01407,2024-05-26,,29,Female,Kolkata,Monthly,19547.98,26,44,PayPal
BX01408,2025-08-05,2026-02-04,19,Male,Lucknow,Monthly,5214.67,7,36,UPI
BX01409,2024-05-23,,34,Female,Chennai,Monthly,23042.37,27,77,UPI
BX01410,2024-06-03,,24,Female,Kolkata,Annual,16099.12,25,85,Card
BX01411,2024-06-12,2025-07-09,22,Male,Kolkata,Monthly,10352.65,12,71,PayPal
BX01412,2025-04-15,2025-12-23,18,Female,Bengaluru,Monthly,6937.19,8,27,PayPal
BX01413,2024-03-13,,30,Female,Bengaluru,Monthly,23274.95,27,61,Card
BX01414,2025-03-23,,23,Male,Bengaluru,Annual,8895.21,16,53,UPI
BX01415,2024-04-12,2024-08-11,18,Male,Chennai,Quarterly,3650.05,5,69,Card
BX01416,2025-09-20,,32,Female,Pune,Annual,6595.47,11,59,Other
BX01417,2024-12-04,,42,Male,Jaipur,Quarterly,12529.72,18,73,Other
BX01418,2024-04-24,,32,Male,Pune,Annual,15094.54,26,92,Card
BX01419,2024-03-24,,38,Female,Hyderabad,Quarterly,17148.97,27,52,Card
BX01420,2025-05-01,2025-11-14,24,Male,Delhi,Quarterly,3855.95,6,46,Card
BX01421,2024-06-15,,18,Male,Chennai,Annual,14972.75,24,70,Card
BX01422,2026-03-29,2026-07-03,32,Male,Mumbai,Quarterly,2749.38,4,34,Other
BX01423,2024-02-07,,26,Female,Jaipur,Quarterly,21521.95,28,77,Card
BX01424,2024-10-03,,25,Male,Hyderabad,Quarterly,13772.25,20,73,Card
BX01425,2024-08-12,,30,Female,Delhi,Quarterly,14776.76,23,78,Other
BX01426,2023-10-14,,33,Male,Hyderabad,Monthly,24930.32,33,58,UPI
BX01427,2026-04-22,2026-07-17,21,Male,Hyderabad,Monthly,2433.08,3,42,PayPal
BX01428,2024-08-24,2025-09-06,20,Male,Lucknow,Monthly,10103.07,13,8,Card
BX01429,2025-02-15,,31,Female,Mumbai,Quarterly,11367.59,16,71,UPI
BX01430,2023-09-11,2024-02-21,18,Male,Kolkata,Monthly,4825.6,6,71,Card
BX01431,2025-11-30,,25,Female,Pune,Monthly,4581.4,6,85,Card
BX01432,2026-05-12,,23,Male,Hyderabad,Monthly,742.91,1,50,UPI
BX01433,2026-01-30,,32,Male,Pune,Quarterly,4521.77,6,97,UPI
BX01434,2025-07-12,,29,Female,Chennai,Monthly,8886.1,12,55,PayPal
BX01435,2023-08-23,,31,Female,Kolkata,Monthly,27101.27,35,60,Card
BX01436,2024-07-11,,35,Male,Hyderabad,Quarterly,17966.31,24,50,Card
BX01437,2026-03-07,,36,Female,Bengaluru,Quarterly,3777.62,5,57,UPI
BX01438,2024-06-15,,26,Female,Kolkata,Annual,14758.98,24,97,UPI
BX01439,2024-11-02,,26,Male,Coimbatore,Monthly,15196.14,21,86,PayPal
BX01440,2026-03-06,2026-05-10,30,Male,Jaipur,Monthly,2519.55,3,61,Other
BX01441,2026-03-16,,31,Female,Chennai,Annual,2755.69,5,84,UPI
BX01442,2025-06-11,,40,Male,Chennai,Annual,8053.89,14,86,Card
BX01443,2025-05-13,,27,Female,Kolkata,Annual,7939.18,14,58,Card
BX01444,2026-05-23,,33,Female,Lucknow,Monthly,1693.45,2,62,Card
BX01445,2026-01-23,,26,Male,Delhi,Quarterly,3271.22,5,61,UPI
BX01446,2023-10-14,,36,Female,Mumbai,Monthly,24065.17,33,87,UPI
BX01447,2024-05-19,2024-10-05,27,Male,Lucknow,Monthly,3336.55,4,59,Other
BX01448,2024-05-10,,31,Female,Chennai,Monthly,21119.94,27,94,Card
BX01449,2025-09-15,,27,Female,Bengaluru,Monthly,7497.02,9,46,PayPal
BX01450,2025-01-19,,24,Male,Delhi,Quarterly,12401.5,17,41,UPI
BX01451,2025-07-22,,28,Other,Kolkata,Annual,8028.74,13,79,UPI
BX01452,2024-11-17,,19,Other,Chennai,Quarterly,14739.33,20,62,Card
BX01453,2025-01-23,2025-03-02,29,Female,Mumbai,Quarterly,1426.9,2,48,Card
BX01454,2026-05-11,,46,Male,Kochi,Annual,549.11,1,96,Other
BX01455,2024-11-02,,43,Male,Bengaluru,Annual,11204.84,19,49,Other
BX01456,2025-12-19,,34,Female,Chennai,Quarterly,4589.35,6,31,UPI
BX01457,2024-10-10,,44,Male,Chennai,Monthly,18157.41,22,91,Other
BX01458,2023-11-08,,27,Female,Lucknow,Quarterly,24562.6,33,78,UPI
BX01459,2024-06-01,,39,Female,Chennai,Annual,16763.43,27,100,UPI
BX01460,2024-07-29,2024-09-10,35,Male,Bengaluru,Monthly,1438.41,2,31,UPI
BX01461,2025-08-03,,26,Male,Delhi,Annual,6008.06,11,79,PayPal
BX01462,2024-11-07,2024-12-21,18,Male,Kochi,Monthly,1559.82,2,37,Card
BX01463,2025-08-10,,29,Female,Chennai,Annual,6269.21,10,65,Card
BX01464,2025-04-13,2025-09-18,36,Female,Bengaluru,Quarterly,4252.47,6,32,Card
BX01465,2024-05-10,,25,Male,Delhi,Annual,16991.19,27,65,UPI
BX01466,2024-10-25,,18,Other,Mumbai,Annual,12069.84,21,92,UPI
BX01467,2024-08-24,,22,Male,Hyderabad,Quarterly,14576.86,23,50,Card
BX01468,2026-04-09,,34,Male,Bengaluru,Monthly,3009.68,4,63,Other
BX01469,2025-06-22,,26,Female,Delhi,Quarterly,9251.92,14,87,Card
BX01470,2026-07-05,,49,Female,Ahmedabad,Monthly,833.9,1,74,Card
BX01471,2025-08-08,,33,Male,Chennai,Quarterly,9139.51,12,83,UPI
BX01472,2025-11-04,2026-06-14,18,Other,Coimbatore,Annual,3969.3,7,47,Card
BX01473,2026-02-12,,28,Male,Lucknow,Monthly,4760.08,6,80,Card
BX01474,2025-06-15,,33,Female,Kolkata,Monthly,12071.32,14,91,UPI
BX01475,2026-06-07,2026-07-11,34,Male,Hyderabad,Monthly,1528.16,2,50,Card
BX01476,2023-12-12,2024-01-24,34,Male,Delhi,Monthly,1662.1,2,42,UPI
BX01477,2024-03-06,2024-07-04,48,Female,Hyderabad,Monthly,2172.85,3,65,Other
BX01478,2024-07-12,2025-08-25,37,Male,Chennai,Monthly,9663.96,13,25,UPI
BX01479,2024-04-25,2024-06-25,42,Female,Coimbatore,Monthly,2602.93,3,64,PayPal
BX01480,2024-02-06,,31,Female,Chennai,Monthly,22664.97,29,81,UPI
BX01481,2025-06-14,,26,Female,Mumbai,Monthly,9706.89,13,100,Other
BX01482,2026-02-12,,26,Male,Bengaluru,Annual,3412.68,6,58,Card
BX01483,2025-05-03,,35,Male,Mumbai,Monthly,12099.05,14,51,Other
BX01484,2025-06-16,,34,Male,Pune,Monthly,9125.64,12,26,Other
BX01485,2024-03-11,,34,Male,Delhi,Monthly,22175.49,29,52,Other
BX01486,2026-05-20,,35,Female,Delhi,Monthly,870.66,1,79,Card
BX01487,2025-05-04,2025-06-12,23,Male,Lucknow,Quarterly,707.04,1,43,Card
BX01488,2024-04-17,2024-05-27,47,Female,Hyderabad,Annual,0.0,0,49,UPI
BX01489,2025-04-08,,35,Female,Delhi,Quarterly,11163.64,15,74,UPI
BX01490,2024-09-06,2025-04-22,37,Other,Kochi,Monthly,5973.09,7,48,UPI
BX01491,2023-11-05,,18,Female,Hyderabad,Annual,19904.83,33,46,Card
BX01492,2024-07-24,,29,Female,Bengaluru,Quarterly,17177.68,24,100,Card
BX01493,2023-12-23,,42,Female,Chennai,Annual,19799.63,32,50,Card
BX01494,2024-05-23,,36,Female,Lucknow,Annual,14480.07,26,85,Other
BX01495,2023-12-06,,23,Male,Lucknow,Annual,19026.47,32,54,UPI
BX01496,2025-07-31,2026-02-12,24,Female,Mumbai,Monthly,5284.18,7,57,UPI
BX01497,2025-06-24,,40,Female,Delhi,Monthly,12214.89,14,63,Other
BX01498,2024-10-23,,38,Female,Kochi,Annual,11587.99,20,31,PayPal
BX01499,2023-09-14,2024-07-19,27,Male,Pune,Monthly,9547.81,11,48,UPI
BX01500,2025-05-16,,40,Male,Chennai,Annual,8083.94,14,57,Card
BX01501,2025-07-30,2026-01-27,46,Male,Delhi,Annual,4370.37,7,56,UPI
BX01502,2025-03-09,,31,Male,Hyderabad,Annual,8657.75,15,60,Card
BX01503,2024-09-10,,29,Female,Delhi,Monthly,18091.85,22,60,PayPal
BX01504,2024-06-16,2025-04-01,33,Male,Chennai,Monthly,6229.01,8,46,UPI
BX01505,2024-02-27,2024-07-02,44,Female,Kochi,Monthly,3449.28,4,49,Card
BX01506,2025-04-25,,33,Female,Delhi,Monthly,10411.56,14,74,UPI
BX01507,2025-01-10,2026-06-13,26,Female,Hyderabad,Quarterly,12535.25,18,75,UPI
BX01508,2025-05-18,2026-01-21,31,Male,Chennai,Monthly,5826.64,7,57,UPI
BX01509,2025-10-14,2026-01-30,25,Female,Mumbai,Monthly,1478.45,2,53,Card
BX01510,2023-11-13,,33,Female,Bengaluru,Monthly,28401.19,33,41,Card
BX01511,2026-03-26,,31,Female,Bengaluru,Monthly,3106.21,4,53,Card
BX01512,2026-07-06,,31,Female,Bengaluru,Annual,1255.83,2,73,Card
BX01513,2024-12-27,,26,Female,Hyderabad,Monthly,15189.49,19,66,Card
BX01514,2026-07-03,,18,Male,Hyderabad,Quarterly,766.92,1,72,Card
BX01515,2025-12-06,,45,Male,Chennai,Quarterly,5646.58,8,94,Card
BX01516,2024-03-11,,34,Male,Mumbai,Quarterly,18813.54,27,24,UPI
BX01517,2025-03-02,2025-04-02,38,Male,Coimbatore,Monthly,0.0,0,36,Card
BX01518,2026-01-28,2026-03-07,40,Female,Mumbai,Monthly,1723.8,2,55,Other
BX01519,2024-07-30,,18,Male,Delhi,Monthly,20102.33,23,93,PayPal
BX01520,2025-10-31,2026-05-05,18,Male,Hyderabad,Monthly,5792.71,7,57,Card
BX01521,2025-05-05,,33,Female,Chennai,Quarterly,10112.3,15,75,Card
BX01522,2024-04-21,,37,Male,Chennai,Quarterly,17733.67,28,69,UPI
BX01523,2025-10-03,,53,Female,Hyderabad,Annual,5837.84,10,70,Card
BX01524,2025-10-13,,40,Female,Kolkata,Monthly,5891.91,8,78,Other
BX01525,2023-08-14,,27,Male,Coimbatore,Monthly,29771.51,35,91,UPI
BX01526,2024-03-06,2025-02-08,30,Female,Ahmedabad,Quarterly,7735.97,12,48,Card
BX01527,2025-03-06,,29,Male,Chennai,Monthly,11880.88,16,86,UPI
BX01528,2025-12-23,,40,Male,Delhi,Quarterly,5967.19,8,50,Other
BX01529,2024-06-02,,34,Female,Coimbatore,Monthly,20480.97,25,92,UPI
BX01530,2024-03-05,,23,Other,Bengaluru,Monthly,22344.05,28,73,UPI
BX01531,2025-06-30,,20,Female,Chennai,Monthly,11189.31,13,59,Card
BX01532,2024-09-17,,27,Female,Mumbai,Quarterly,14708.39,21,69,UPI
BX01533,2024-05-12,2024-06-12,27,Female,Hyderabad,Monthly,1559.09,2,9,Card
BX01534,2024-08-08,,18,Female,Mumbai,Monthly,17142.95,23,85,UPI
BX01535,2026-02-26,2026-07-06,21,Female,Chennai,Monthly,3721.43,5,50,PayPal
BX01536,2024-09-25,,27,Female,Bengaluru,Annual,12567.63,21,100,UPI
BX01537,2025-07-06,,21,Female,Lucknow,Annual,7351.04,12,64,Card
BX01538,2026-03-19,2026-07-18,18,Male,Jaipur,Quarterly,1993.3,3,32,UPI
BX01539,2025-01-18,,34,Female,Kochi,Quarterly,10996.58,17,88,UPI
BX01540,2026-07-12,,35,Male,Lucknow,Annual,0.0,0,92,UPI
BX01541,2026-03-28,,34,Male,Pune,Annual,1740.7,3,71,Card
BX01542,2025-03-27,,36,Male,Pune,Quarterly,12019.71,17,83,UPI
BX01543,2025-04-08,2025-10-16,37,Female,Delhi,Monthly,4122.04,5,27,Card
BX01544,2024-08-28,2024-11-14,22,Female,Coimbatore,Quarterly,1537.19,2,49,UPI
BX01545,2024-06-18,,26,Male,Hyderabad,Quarterly,18135.36,25,70,Card
BX01546,2024-05-17,,40,Female,Delhi,Monthly,20370.36,26,68,Card
BX01547,2024-06-19,2024-12-19,28,Female,Bengaluru,Monthly,4094.94,5,43,UPI
BX01548,2025-11-18,2026-02-02,29,Male,Ahmedabad,Monthly,2345.39,3,52,UPI
BX01549,2024-12-23,,24,Female,Jaipur,Quarterly,13732.68,19,90,Card
BX01550,2023-09-22,,38,Female,Bengaluru,Monthly,29007.7,35,100,PayPal
BX01551,2024-05-02,2024-09-13,18,Female,Bengaluru,Monthly,4342.25,5,66,UPI
BX01552,2026-06-23,,32,Male,Hyderabad,Annual,0.0,0,100,UPI
BX01553,2026-04-02,2026-07-16,22,Male,Delhi,Quarterly,1451.11,2,41,PayPal
BX01554,2024-01-18,,42,Female,Lucknow,Annual,17092.2,31,71,Card
BX01555,2026-03-28,2026-05-07,28,Female,Pune,Quarterly,0.0,0,84,Other
BX01556,2023-12-20,,42,Female,Mumbai,Monthly,25639.52,30,93,UPI
BX01557,2023-08-07,,34,Male,Delhi,Quarterly,25599.59,34,66,UPI
BX01558,2024-02-09,,18,Male,Delhi,Monthly,21257.03,29,58,Other
BX01559,2025-08-02,,28,Male,Ahmedabad,Annual,6553.97,12,99,UPI
BX01560,2024-08-28,,46,Male,Delhi,Quarterly,17394.11,24,46,Card
BX01561,2025-01-07,2026-02-12,31,Female,Ahmedabad,Monthly,11005.18,13,76,UPI
BX01562,2024-02-16,,29,Male,Chennai,Monthly,24401.21,29,92,UPI
BX01563,2023-08-14,2023-11-12,34,Male,Pune,Monthly,1624.33,2,63,PayPal
BX01564,2024-11-29,2025-01-13,35,Female,Hyderabad,Monthly,1483.29,2,40,Card
BX01565,2025-12-08,,28,Other,Chennai,Annual,4977.36,8,70,Card
BX01566,2024-05-22,,18,Male,Coimbatore,Annual,17171.26,27,82,UPI
BX01567,2023-12-24,,30,Male,Mumbai,Monthly,23113.05,32,63,Card
BX01568,2024-04-19,,27,Female,Chennai,Quarterly,18582.77,27,42,Other
BX01569,2024-08-20,2025-03-07,29,Male,Delhi,Monthly,4289.82,5,71,UPI
BX01570,2024-04-09,,45,Female,Kochi,Annual,14236.87,26,76,UPI
BX01571,2026-04-15,,18,Male,Delhi,Quarterly,2006.06,3,71,PayPal
BX01572,2025-08-01,,34,Male,Lucknow,Quarterly,7366.32,11,86,Other
BX01573,2024-01-26,2024-08-11,44,Female,Mumbai,Monthly,3746.9,5,44,UPI
BX01574,2025-07-12,,22,Female,Chennai,Monthly,8563.52,11,48,Card
BX01575,2026-01-17,,46,Female,Chennai,Quarterly,3787.1,5,63,Other
BX01576,2025-03-13,,18,Female,Pune,Monthly,12093.84,16,69,UPI
BX01577,2023-11-26,2024-06-11,26,Female,Kolkata,Monthly,5067.25,7,48,UPI
BX01578,2024-01-26,2024-06-04,36,Female,Chennai,Quarterly,1998.22,3,82,Card
BX01579,2025-02-04,,26,Female,Hyderabad,Monthly,13178.0,16,73,Card
BX01580,2023-10-05,2024-06-09,23,Female,Kochi,Monthly,6160.04,8,54,PayPal
BX01581,2024-10-07,2025-04-09,41,Male,Ahmedabad,Monthly,5076.22,6,39,Card
BX01582,2026-05-17,,30,Female,Ahmedabad,Monthly,1441.38,2,75,Card
BX01583,2024-06-25,,18,Male,Pune,Annual,15277.19,24,90,UPI
BX01584,2024-08-16,,48,Other,Bengaluru,Quarterly,17367.46,24,68,UPI
BX01585,2024-07-31,,18,Male,Hyderabad,Quarterly,16856.89,23,70,Card
BX01586,2025-11-20,2025-12-23,43,Male,Pune,Monthly,0.0,0,43,Other
BX01587,2025-06-16,,30,Female,Bengaluru,Quarterly,9186.95,14,33,Other
BX01588,2024-07-17,2024-12-21,22,Male,Jaipur,Monthly,4297.85,5,55,PayPal
BX01589,2024-12-04,,18,Female,Kochi,Annual,11996.88,20,100,PayPal
BX01590,2026-04-11,,38,Male,Mumbai,Annual,2286.74,4,62,UPI
BX01591,2023-11-13,2023-12-19,37,Female,Chennai,Monthly,1732.77,2,57,UPI
BX01592,2026-03-17,2026-07-19,31,Male,Hyderabad,Monthly,2877.24,4,67,Card
BX01593,2023-12-28,,34,Female,Chennai,Quarterly,22562.34,30,100,Other
BX01594,2025-06-02,2025-08-07,24,Male,Chennai,Quarterly,1381.75,2,52,UPI
BX01595,2023-11-14,,40,Male,Kolkata,Annual,19712.89,33,100,Other
BX01596,2024-09-20,,24,Male,Chennai,Quarterly,15587.94,23,43,UPI
BX01597,2025-01-07,,28,Female,Kochi,Monthly,15981.18,19,66,UPI
BX01598,2025-04-25,,23,Male,Pune,Monthly,12206.02,14,27,Card
BX01599,2024-03-09,,40,Female,Delhi,Monthly,23801.07,29,56,Card
BX01600,2024-02-05,2024-08-03,29,Female,Jaipur,Monthly,4583.66,6,93,PayPal
BX01601,2024-07-18,,18,Male,Bengaluru,Annual,15876.96,25,96,UPI
BX01602,2025-08-29,,18,Male,Hyderabad,Monthly,8386.24,11,69,Other
BX01603,2023-09-26,,46,Female,Pune,Monthly,27847.13,34,72,UPI
BX01604,2024-03-31,,29,Male,Ahmedabad,Monthly,22241.25,28,52,UPI
BX01605,2025-05-29,2025-11-02,23,Female,Hyderabad,Quarterly,2830.52,4,77,UPI
BX01606,2024-11-19,,18,Female,Ahmedabad,Monthly,14725.71,20,45,Card
BX01607,2025-05-28,,40,Female,Chennai,Quarterly,9606.43,13,66,Card
BX01608,2023-11-10,2024-02-20,24,Male,Hyderabad,Monthly,3153.95,4,48,PayPal
BX01609,2025-06-01,,32,Female,Kochi,Monthly,9091.43,12,100,Card
BX01610,2024-02-10,2024-04-14,29,Female,Bengaluru,Monthly,1481.8,2,47,Card
BX01611,2024-11-27,2025-06-27,25,Female,Bengaluru,Monthly,5036.58,7,100,UPI
BX01612,2026-03-19,,25,Female,Kochi,Quarterly,1943.38,3,100,UPI
BX01613,2025-01-18,,40,Male,Hyderabad,Quarterly,13591.11,19,100,UPI
BX01614,2023-08-02,,41,Other,Delhi,Monthly,29951.78,37,34,Card
BX01615,2023-10-06,2024-04-16,41,Female,Chennai,Quarterly,4231.48,6,65,Card
BX01616,2023-09-21,,25,Male,Chennai,Monthly,25365.51,35,62,UPI
BX01617,2023-09-19,,30,Female,Mumbai,Quarterly,22364.41,35,85,Card
BX01618,2025-06-21,,40,Female,Lucknow,Quarterly,9189.94,13,54,PayPal
BX01619,2025-06-22,,22,Female,Lucknow,Quarterly,8805.18,12,61,Other
BX01620,2024-11-19,,30,Female,Bengaluru,Monthly,14552.69,20,47,UPI
BX01621,2026-01-13,2026-07-19,20,Female,Bengaluru,Quarterly,3661.71,5,51,Card
BX01622,2024-08-06,,38,Male,Delhi,Monthly,17516.17,23,65,UPI
BX01623,2023-12-26,,18,Female,Hyderabad,Quarterly,23372.25,31,72,UPI
BX01624,2025-10-04,,36,Male,Bengaluru,Annual,4849.35,8,74,UPI
BX01625,2025-05-18,,36,Male,Ahmedabad,Quarterly,8841.67,14,72,PayPal
BX01626,2024-11-12,,29,Female,Bengaluru,Annual,12606.31,21,51,UPI
BX01627,2026-06-06,,22,Female,Hyderabad,Monthly,767.64,1,81,Card
BX01628,2023-07-28,,19,Male,Lucknow,Annual,20109.4,36,56,Other
BX01629,2024-02-26,2024-07-05,18,Male,Kolkata,Monthly,2599.21,3,48,UPI
BX01630,2025-06-16,2025-09-23,34,Male,Delhi,Monthly,3031.77,4,47,Card
BX01631,2025-04-24,,31,Female,Jaipur,Monthly,10681.51,14,41,UPI
BX01632,2026-03-03,2026-04-18,34,Male,Pune,Monthly,861.75,1,68,Card
BX01633,2024-03-10,2024-11-15,23,Female,Bengaluru,Monthly,5190.18,7,40,UPI
BX01634,2023-12-05,,28,Female,Mumbai,Monthly,26785.96,32,80,Card
BX01635,2025-01-26,,36,Male,Ahmedabad,Annual,11561.93,19,100,UPI
BX01636,2026-03-26,,56,Male,Mumbai,Quarterly,1508.73,2,71,Card
BX01637,2023-09-27,,22,Female,Delhi,Quarterly,24590.57,33,64,Card
BX01638,2023-09-16,,43,Female,Kolkata,Monthly,26427.14,34,63,Other
BX01639,2023-08-12,,40,Male,Hyderabad,Monthly,26800.34,35,81,UPI
BX01640,2025-09-05,,33,Male,Kolkata,Annual,6719.1,11,81,Card
BX01641,2025-09-16,,41,Female,Ahmedabad,Annual,6054.58,11,84,Card
BX01642,2025-02-23,2025-03-31,28,Male,Delhi,Monthly,854.89,1,50,Card
BX01643,2025-08-27,,31,Male,Lucknow,Monthly,7578.53,9,33,UPI
BX01644,2024-01-01,,42,Female,Lucknow,Monthly,26865.35,32,71,Other
BX01645,2025-07-05,,30,Female,Bengaluru,Annual,6712.4,11,91,Card
BX01646,2024-09-25,2025-04-08,45,Female,Jaipur,Monthly,5495.4,7,48,UPI
BX01647,2024-08-24,,20,Female,Bengaluru,Monthly,17677.77,22,55,Card
BX01648,2023-12-19,,29,Male,Kolkata,Annual,20296.69,31,70,UPI
BX01649,2024-06-12,2024-10-23,21,Male,Lucknow,Monthly,3452.49,4,37,UPI
BX01650,2024-09-26,,30,Female,Hyderabad,Monthly,19764.14,23,70,Other
BX01651,2024-05-05,,33,Female,Lucknow,Annual,17015.1,27,90,UPI
BX01652,2026-04-24,,26,Male,Mumbai,Quarterly,1337.5,2,100,Card
BX01653,2025-07-28,,38,Female,Pune,Annual,6405.02,11,95,PayPal
BX01654,2026-07-08,,32,Female,Delhi,Monthly,0.0,0,92,Card
BX01655,2024-12-03,,42,Female,Delhi,Quarterly,13752.59,19,71,PayPal
BX01656,2024-02-25,,33,Female,Bengaluru,Quarterly,21938.71,29,79,UPI
BX01657,2024-03-29,,30,Female,Pune,Annual,16005.62,28,81,PayPal
BX01658,2025-04-01,,39,Male,Hyderabad,Quarterly,8845.27,14,69,Card
BX01659,2026-07-10,2026-07-18,36,Male,Delhi,Annual,560.37,1,76,UPI
BX01660,2025-09-24,,22,Male,Kolkata,Annual,5325.54,9,41,UPI
BX01661,2025-12-23,,38,Other,Kochi,Quarterly,5284.95,8,73,PayPal
BX01662,2024-01-14,,34,Male,Ahmedabad,Quarterly,19835.75,30,46,UPI
BX01663,2023-12-07,2024-05-16,26,Male,Mumbai,Quarterly,3562.23,5,54,PayPal
BX01664,2023-11-10,2024-12-08,45,Female,Kolkata,Monthly,10779.2,14,53,UPI
BX01665,2025-08-17,,51,Female,Hyderabad,Monthly,7923.8,11,67,Card
BX01666,2025-03-28,,39,Female,Bengaluru,Monthly,12774.55,16,75,Other
BX01667,2025-06-15,,40,Female,Mumbai,Annual,7786.24,14,75,Card
BX01668,2025-09-15,,37,Female,Mumbai,Quarterly,8059.92,11,100,Other
BX01669,2025-11-28,,32,Male,Chennai,Annual,3774.76,6,50,Other
BX01670,2025-10-04,,35,Male,Chennai,Monthly,6138.38,8,45,UPI
BX01671,2024-10-06,,35,Female,Chennai,Monthly,16173.39,22,82,Card
BX01672,2026-05-07,2026-07-20,32,Male,Delhi,Monthly,2163.66,3,57,Card
BX01673,2023-11-09,2023-12-11,21,Female,Chennai,Monthly,1652.42,2,45,Card
BX01674,2025-09-21,,31,Male,Kolkata,Quarterly,5726.87,9,56,Card
BX01675,2023-08-29,,29,Female,Chennai,Monthly,29634.0,36,100,UPI
BX01676,2024-03-15,,21,Male,Delhi,Monthly,23285.71,28,17,UPI
BX01677,2024-01-17,2024-02-26,36,Male,Bengaluru,Monthly,1674.2,2,38,UPI
BX01678,2024-06-22,,32,Female,Delhi,Monthly,20692.62,25,87,Card
BX01679,2024-01-17,,23,Male,Mumbai,Monthly,23599.19,31,51,Card
BX01680,2024-01-31,,23,Female,Mumbai,Quarterly,23250.35,31,75,UPI
BX01681,2023-08-20,,18,Female,Mumbai,Annual,19126.16,34,60,UPI
BX01682,2025-12-27,2026-04-15,30,Male,Hyderabad,Quarterly,1348.57,2,40,UPI
BX01683,2024-01-11,,19,Male,Kolkata,Monthly,25263.41,31,40,PayPal
BX01684,2024-04-24,2024-08-03,27,Male,Pune,Monthly,1521.22,2,79,UPI
BX01685,2026-06-23,2026-07-20,41,Female,Coimbatore,Monthly,1673.18,2,77,Card
BX01686,2025-07-08,2025-12-21,35,Male,Ahmedabad,Quarterly,2583.27,4,54,UPI
BX01687,2024-03-04,2025-01-05,20,Male,Pune,Monthly,7858.97,9,88,UPI
BX01688,2024-03-23,2024-08-21,29,Female,Kolkata,Monthly,4076.17,5,48,Card
BX01689,2023-10-11,,24,Male,Coimbatore,Annual,20457.9,32,82,UPI
BX01690,2024-08-05,,21,Female,Delhi,Quarterly,16791.68,23,91,Card
BX01691,2024-08-16,2024-12-26,26,Male,Pune,Annual,2536.51,4,67,Card
BX01692,2025-08-11,,34,Male,Kolkata,Monthly,8823.1,11,69,UPI
BX01693,2026-05-13,,32,Female,Hyderabad,Quarterly,1977.87,3,74,Card
BX01694,2026-04-17,,24,Male,Chennai,Quarterly,2756.12,4,83,Card
BX01695,2023-10-05,,30,Female,Pune,Annual,21705.81,34,84,UPI
BX01696,2024-06-22,2025-06-26,33,Male,Mumbai,Monthly,9476.63,12,63,UPI
BX01697,2025-10-13,2026-02-28,40,Female,Pune,Monthly,3312.44,4,82,UPI
BX01698,2024-11-25,,48,Female,Bengaluru,Quarterly,14384.95,19,63,Card
BX01699,2023-08-03,,36,Male,Pune,Annual,20468.38,37,79,UPI
BX01700,2025-09-09,,33,Female,Mumbai,Monthly,6802.05,9,98,UPI
BX01701,2026-07-06,2026-07-19,32,Female,Lucknow,Quarterly,0.0,0,73,Card
BX01702,2024-10-03,,30,Male,Lucknow,Annual,12666.99,22,100,PayPal
BX01703,2023-10-03,,36,Male,Kolkata,Quarterly,21338.82,33,100,PayPal
BX01704,2025-06-23,,36,Female,Kolkata,Monthly,11469.02,14,72,Card
BX01705,2026-01-24,,22,Female,Delhi,Quarterly,4300.99,6,87,Card
BX01706,2025-05-10,,37,Female,Ahmedabad,Quarterly,10076.76,14,64,Card
BX01707,2025-01-31,,35,Male,Bengaluru,Quarterly,10842.2,17,62,Card
BX01708,2024-06-10,2025-01-09,21,Male,Mumbai,Monthly,4456.49,6,30,Card
BX01709,2024-05-10,,37,Male,Bengaluru,Quarterly,19908.88,26,55,Other
BX01710,2024-01-25,,25,Female,Delhi,Annual,18061.41,30,61,PayPal
BX01711,2025-08-10,,38,Female,Chennai,Quarterly,7202.17,11,91,PayPal
BX01712,2023-11-22,,19,Female,Kolkata,Monthly,26802.34,33,51,Other
BX01713,2023-11-30,,27,Male,Kolkata,Monthly,23737.55,32,57,Card
BX01714,2026-04-19,2026-06-05,35,Female,Coimbatore,Monthly,0.0,0,30,UPI
BX01715,2025-04-13,,26,Male,Hyderabad,Monthly,13205.7,16,58,Card
BX01716,2026-05-21,,29,Female,Chennai,Quarterly,2168.12,3,54,Card
BX01717,2026-05-13,2026-07-16,32,Female,Bengaluru,Monthly,2383.39,3,37,UPI
BX01718,2026-01-25,,35,Male,Kolkata,Monthly,3810.44,5,55,Card
BX01719,2025-09-06,,25,Female,Bengaluru,Annual,6637.61,11,100,UPI
BX01720,2024-04-25,,32,Female,Bengaluru,Monthly,22188.43,26,86,Card
BX01721,2024-01-01,,19,Female,Bengaluru,Monthly,26861.56,31,52,Other
BX01722,2024-09-23,,30,Male,Kolkata,Monthly,18280.98,21,69,UPI
BX01723,2024-05-09,,25,Male,Mumbai,Monthly,18787.72,26,53,Card
BX01724,2024-03-24,,28,Female,Mumbai,Monthly,20711.75,27,62,UPI
BX01725,2023-08-10,2023-09-26,26,Male,Kochi,Quarterly,0.0,0,48,Card
BX01726,2024-10-23,,29,Male,Hyderabad,Annual,13693.31,22,93,Card
BX01727,2024-01-09,,21,Female,Delhi,Annual,17381.5,31,78,Card
BX01728,2026-07-17,2026-07-21,19,Male,Bengaluru,Monthly,1622.69,2,64,UPI
BX01729,2026-01-28,2026-03-01,29,Female,Chennai,Quarterly,0.0,0,29,PayPal
BX01730,2026-02-04,,35,Male,Hyderabad,Quarterly,3698.85,5,44,PayPal
BX01731,2023-07-28,,34,Male,Kolkata,Monthly,28299.16,36,47,UPI
BX01732,2023-08-03,,19,Male,Delhi,Annual,21998.61,37,100,UPI
BX01733,2026-06-20,,40,Female,Delhi,Quarterly,1297.37,2,41,Other
BX01734,2025-06-22,,44,Female,Chennai,Monthly,10079.43,14,86,UPI
BX01735,2024-03-15,,39,Male,Hyderabad,Monthly,21948.2,27,73,Card
BX01736,2024-11-15,,24,Female,Bengaluru,Quarterly,13547.7,21,50,PayPal
BX01737,2024-07-16,,28,Female,Kochi,Annual,15384.53,24,62,UPI
BX01738,2024-01-10,,19,Male,Bengaluru,Monthly,25380.48,30,70,UPI
BX01739,2026-06-23,,28,Male,Kolkata,Monthly,750.18,1,64,Card
BX01740,2023-12-21,,37,Female,Pune,Quarterly,22762.51,31,99,UPI
BX01741,2025-03-14,2025-06-01,39,Male,Kochi,Monthly,2484.35,3,69,Card
BX01742,2026-01-14,,33,Female,Kochi,Monthly,3935.19,5,78,Card
BX01743,2025-11-24,2026-02-08,22,Male,Bengaluru,Monthly,1607.04,2,51,Card
BX01744,2024-03-05,,22,Male,Chennai,Monthly,20680.73,28,38,UPI
BX01745,2024-05-07,,33,Female,Chennai,Monthly,21600.42,27,100,Card
BX01746,2026-06-27,,26,Female,Pune,Annual,617.65,1,86,UPI
BX01747,2023-11-11,,32,Other,Jaipur,Monthly,23108.05,32,58,UPI
BX01748,2025-07-12,,37,Female,Hyderabad,Quarterly,7199.4,11,58,Card
BX01749,2025-01-21,2025-07-06,43,Male,Pune,Monthly,4202.1,5,65,UPI
BX01750,2025-07-17,,38,Other,Pune,Monthly,9488.23,12,82,Card
BX01751,2025-09-17,2026-05-24,23,Female,Mumbai,Monthly,5634.24,7,42,UPI
BX01752,2023-08-11,,42,Male,Mumbai,Monthly,29910.32,36,100,UPI
BX01753,2025-09-05,2026-01-21,32,Female,Hyderabad,Monthly,2922.97,4,36,Card
BX01754,2025-10-02,,24,Male,Kolkata,Monthly,6898.25,9,90,UPI
BX01755,2025-03-08,,43,Female,Chennai,Quarterly,9501.54,15,70,Card
BX01756,2025-01-04,,29,Male,Pune,Quarterly,14166.61,19,66,Card
BX01757,2025-02-22,,18,Male,Pune,Monthly,14869.5,18,39,Card
BX01758,2024-06-11,2024-11-19,20,Male,Lucknow,Monthly,4708.86,6,44,PayPal
BX01759,2024-12-29,,41,Female,Bengaluru,Quarterly,13822.7,19,89,Other
BX01760,2024-04-24,,32,Female,Kolkata,Annual,16313.63,28,67,PayPal
BX01761,2025-12-06,,30,Female,Lucknow,Annual,4822.58,8,55,UPI
BX01762,2023-11-16,,34,Male,Kolkata,Monthly,27857.78,33,57,UPI
BX01763,2023-10-20,2024-11-26,31,Male,Kochi,Monthly,9571.52,12,65,PayPal
BX01764,2024-02-29,,29,Other,Ahmedabad,Quarterly,22372.87,30,71,Other
BX01765,2024-10-04,,40,Male,Pune,Quarterly,15059.25,21,100,UPI
BX01766,2024-06-15,,25,Male,Coimbatore,Monthly,19174.39,24,100,UPI
BX01767,2026-06-27,2026-07-20,25,Female,Kolkata,Annual,544.9,1,46,Card
BX01768,2025-04-16,,21,Male,Kolkata,Quarterly,10136.5,14,42,Card
BX01769,2023-08-28,,34,Female,Kolkata,Annual,18416.69,34,70,UPI
BX01770,2023-11-27,2024-04-04,18,Male,Delhi,Monthly,3470.35,4,74,Card
BX01771,2024-04-27,2024-07-27,29,Female,Pune,Monthly,2194.05,3,44,UPI
BX01772,2023-09-11,,25,Male,Chennai,Monthly,26946.29,34,69,UPI
BX01773,2024-12-04,2025-04-11,24,Male,Coimbatore,Quarterly,2542.03,4,94,Card
BX01774,2024-06-07,,29,Male,Hyderabad,Monthly,22524.7,26,46,Other
BX01775,2024-07-20,,43,Male,Bengaluru,Quarterly,17924.02,25,100,UPI
BX01776,2025-07-03,,38,Female,Bengaluru,Quarterly,7485.19,11,39,Other
BX01777,2023-10-17,,30,Female,Chennai,Monthly,26667.75,34,94,UPI
BX01778,2025-04-02,,31,Female,Jaipur,Annual,10284.88,16,84,UPI
BX01779,2025-10-02,,28,Female,Chennai,Annual,5630.45,10,100,Other
BX01780,2024-03-29,,29,Male,Chennai,Quarterly,18521.98,28,94,Card
BX01781,2026-01-13,,57,Male,Kochi,Annual,3725.74,6,36,UPI
BX01782,2024-05-04,,54,Male,Jaipur,Quarterly,19768.19,27,68,Card
BX01783,2023-10-21,,29,Female,Delhi,Monthly,25330.15,32,73,UPI
BX01784,2024-06-24,,22,Male,Chennai,Annual,15091.2,25,82,UPI
BX01785,2025-05-24,,40,Female,Bengaluru,Quarterly,10861.41,15,53,UPI
BX01786,2025-07-07,,36,Male,Coimbatore,Annual,7158.91,13,87,PayPal
BX01787,2023-11-18,,31,Male,Lucknow,Monthly,27749.75,33,84,UPI
BX01788,2026-04-06,2026-06-08,18,Male,Bengaluru,Monthly,870.58,1,41,Other
BX01789,2024-04-25,2024-07-25,23,Male,Kolkata,Monthly,1468.54,2,42,PayPal
BX01790,2024-10-26,,18,Male,Chennai,Annual,11701.41,20,91,UPI
BX01791,2025-06-24,,24,Male,Bengaluru,Annual,8870.46,14,93,Card
BX01792,2023-12-25,,18,Female,Mumbai,Annual,18977.63,32,56,PayPal
BX01793,2024-06-29,,34,Male,Lucknow,Monthly,20773.13,24,55,Card
BX01794,2026-01-17,,38,Other,Jaipur,Monthly,5406.35,7,100,Card
BX01795,2026-03-28,,37,Female,Bengaluru,Monthly,1500.57,2,70,Other
BX01796,2023-12-25,,32,Female,Coimbatore,Quarterly,19989.04,30,20,PayPal
BX01797,2024-08-06,,23,Female,Jaipur,Annual,13037.63,24,71,UPI
BX01798,2024-11-28,,41,Female,Bengaluru,Annual,12556.09,20,61,Card
BX01799,2024-12-02,2025-01-31,25,Male,Bengaluru,Monthly,1588.09,2,54,Card
BX01800,2023-07-29,,39,Other,Bengaluru,Annual,22582.31,37,100,PayPal
BX01801,2026-02-14,2026-07-20,18,Female,Pune,Monthly,3703.26,5,40,Card
BX01802,2025-05-08,,39,Male,Chennai,Annual,8907.39,15,67,Card
BX01803,2026-02-11,,35,Female,Delhi,Annual,3919.24,6,100,Other
BX01804,2025-04-02,,47,Male,Bengaluru,Annual,9672.57,15,100,UPI
BX01805,2024-05-18,2024-08-27,43,Female,Pune,Quarterly,2701.55,4,65,UPI
BX01806,2024-09-28,,37,Other,Delhi,Monthly,17903.54,23,87,UPI
BX01807,2024-08-12,2024-09-11,30,Male,Bengaluru,Monthly,0.0,0,48,UPI
BX01808,2024-10-16,,31,Female,Kolkata,Monthly,17510.97,22,80,UPI
BX01809,2026-03-19,2026-05-07,24,Male,Jaipur,Monthly,0.0,0,37,Card
BX01810,2025-01-13,2025-03-17,42,Female,Pune,Monthly,786.84,1,54,Card
BX01811,2024-12-23,,27,Female,Jaipur,Quarterly,11966.35,19,68,Card
BX01812,2025-07-23,,44,Male,Kolkata,Quarterly,9661.45,13,89,Card
BX01813,2025-09-10,,25,Male,Chennai,Quarterly,7568.77,10,100,Other
BX01814,2026-01-13,,35,Male,Coimbatore,Monthly,5389.91,7,50,Card
BX01815,2025-07-12,,18,Female,Bengaluru,Monthly,11331.06,13,67,Card
BX01816,2025-06-21,,36,Male,Coimbatore,Monthly,10120.86,13,31,Card
BX01817,2025-06-23,,31,Male,Kolkata,Monthly,9116.05,12,66,UPI
BX01818,2023-12-01,,36,Female,Hyderabad,Quarterly,21601.2,32,96,UPI
BX01819,2024-09-01,2024-10-09,32,Male,Chennai,Monthly,0.0,0,60,PayPal
BX01820,2025-01-24,,22,Male,Bengaluru,Monthly,14322.04,18,67,Card
BX01821,2024-02-25,,36,Female,Chennai,Annual,15891.89,28,100,UPI
BX01822,2026-04-05,2026-07-18,18,Female,Kolkata,Monthly,3279.61,4,53,Card
BX01823,2026-06-15,,22,Male,Mumbai,Monthly,728.75,1,53,PayPal
BX01824,2024-01-24,,27,Female,Lucknow,Monthly,26280.45,31,81,UPI
BX01825,2024-06-18,,37,Male,Hyderabad,Monthly,20921.34,24,56,Card
BX01826,2025-02-20,,34,Female,Kolkata,Quarterly,11130.6,17,80,Card
BX01827,2026-02-05,,43,Female,Kochi,Monthly,4280.9,5,48,UPI
BX01828,2026-06-19,,18,Male,Jaipur,Quarterly,643.34,1,45,UPI
BX01829,2024-04-09,2025-03-15,27,Female,Bengaluru,Quarterly,6723.02,10,44,UPI
BX01830,2026-06-11,,25,Male,Hyderabad,Quarterly,1446.34,2,67,UPI
BX01831,2025-08-23,,36,Male,Mumbai,Monthly,9815.8,12,48,Card
BX01832,2025-07-22,,47,Male,Chennai,Monthly,7973.68,11,73,Other
BX01833,2026-01-07,,34,Female,Chennai,Annual,4291.83,7,88,UPI
BX01834,2023-10-11,,30,Female,Lucknow,Monthly,25241.01,32,75,Card
BX01835,2026-06-30,,22,Male,Lucknow,Quarterly,0.0,0,45,Card
BX01836,2023-11-26,,40,Female,Coimbatore,Quarterly,20451.44,32,21,Card
BX01837,2023-08-28,,36,Female,Kolkata,Monthly,29731.06,36,100,Card
BX01838,2024-11-15,,34,Male,Kochi,Annual,13104.63,21,73,Card
BX01839,2025-07-30,,38,Male,Bengaluru,Monthly,10121.73,12,64,UPI
BX01840,2026-06-02,,21,Male,Hyderabad,Monthly,1606.93,2,64,PayPal
BX01841,2026-07-12,,28,Male,Ahmedabad,Annual,0.0,0,61,UPI
BX01842,2025-08-26,,36,Male,Delhi,Annual,5946.46,10,74,UPI
BX01843,2024-04-07,,41,Female,Kochi,Annual,15097.78,26,87,Card
BX01844,2024-07-18,2024-10-31,24,Male,Bengaluru,Monthly,3089.02,4,36,PayPal
BX01845,2023-12-28,2024-05-29,19,Female,Chennai,Monthly,3288.37,4,52,PayPal
BX01846,2025-03-22,,20,Female,Chennai,Annual,9255.05,17,94,Card
BX01847,2025-01-23,2025-03-07,27,Male,Pune,Monthly,1511.85,2,76,UPI
BX01848,2026-07-06,,35,Male,Kolkata,Quarterly,764.64,1,49,Card
BX01849,2025-03-24,2025-11-06,35,Male,Ahmedabad,Quarterly,3873.51,6,48,Card
BX01850,2024-05-31,,42,Other,Mumbai,Annual,16775.53,27,93,Card
BX01851,2024-06-28,,27,Male,Mumbai,Monthly,19317.65,26,89,PayPal
BX01852,2026-02-28,2026-04-17,40,Female,Kolkata,Quarterly,1490.74,2,78,Card
BX01853,2025-08-07,2025-12-08,18,Male,Chennai,Monthly,3650.27,5,90,UPI
BX01854,2024-03-08,,29,Male,Chennai,Annual,17534.32,28,100,PayPal
BX01855,2024-08-23,,42,Female,Mumbai,Annual,13779.57,23,90,UPI
BX01856,2025-05-04,,33,Male,Hyderabad,Monthly,12086.55,15,60,PayPal
BX01857,2024-08-09,,41,Female,Mumbai,Quarterly,14178.32,22,68,UPI
BX01858,2025-08-31,,27,Female,Mumbai,Quarterly,6854.45,10,36,Card
BX01859,2023-10-08,,26,Female,Mumbai,Monthly,29713.11,34,80,UPI
BX01860,2026-01-05,,46,Female,Jaipur,Quarterly,3835.76,5,58,UPI
BX01861,2025-11-30,,44,Female,Chennai,Quarterly,5166.23,7,92,UPI
BX01862,2025-07-25,,24,Male,Chennai,Annual,7122.66,12,73,Other
BX01863,2025-03-11,2025-04-12,40,Female,Coimbatore,Monthly,1573.73,2,71,UPI
BX01864,2023-09-28,,43,Male,Bengaluru,Monthly,29518.73,34,98,UPI
BX01865,2024-02-24,,19,Male,Coimbatore,Quarterly,18932.63,28,100,UPI
BX01866,2023-10-13,2023-12-12,18,Male,Bengaluru,Quarterly,704.04,1,46,UPI
BX01867,2025-11-06,,36,Female,Mumbai,Annual,5531.15,9,91,Card
BX01868,2026-03-11,2026-07-18,21,Male,Bengaluru,Monthly,3010.33,4,52,Card
BX01869,2025-06-22,,28,Male,Chennai,Monthly,11195.22,13,59,UPI
BX01870,2025-05-06,,28,Male,Mumbai,Annual,8287.92,15,95,UPI
BX01871,2025-07-09,,34,Female,Chennai,Monthly,9602.33,12,77,Card
BX01872,2026-02-22,,25,Male,Mumbai,Quarterly,3569.71,5,100,Other
BX01873,2024-06-30,2025-01-02,53,Male,Coimbatore,Monthly,4248.32,5,86,Card
BX01874,2024-05-25,2025-01-03,43,Female,Bengaluru,Monthly,5175.89,7,29,Card
BX01875,2023-08-22,,44,Female,Mumbai,Annual,22563.12,36,74,Card
BX01876,2025-09-06,,27,Female,Jaipur,Annual,5738.6,9,77,Card
BX01877,2024-03-06,2024-04-24,55,Female,Lucknow,Monthly,0.0,0,87,UPI
BX01878,2026-04-19,2026-07-19,24,Male,Chennai,Monthly,3064.0,4,40,Other
BX01879,2026-01-31,,46,Female,Ahmedabad,Monthly,4906.51,6,66,Card
BX01880,2025-08-06,,35,Female,Pune,Annual,6427.57,11,64,Card
BX01881,2025-11-11,2025-12-15,30,Female,Delhi,Monthly,0.0,0,69,Card
BX01882,2025-12-30,,20,Male,Kolkata,Annual,3036.08,5,67,UPI
BX01883,2025-11-18,2026-03-05,27,Male,Kolkata,Quarterly,2932.51,4,93,Other
BX01884,2025-08-24,,36,Female,Kolkata,Monthly,8701.81,10,94,Other
BX01885,2024-07-12,2024-09-21,46,Female,Hyderabad,Monthly,1506.81,2,39,Card
BX01886,2025-10-04,,20,Male,Chennai,Annual,5118.59,8,88,Card
BX01887,2025-01-07,,38,Male,Pune,Monthly,15718.88,18,100,UPI
BX01888,2026-06-07,,23,Male,Delhi,Monthly,0.0,0,32,Other
BX01889,2023-07-26,,19,Male,Mumbai,Monthly,29658.27,37,85,Card
BX01890,2024-12-11,,40,Male,Kochi,Quarterly,13079.16,18,100,Other
BX01891,2024-12-29,2026-04-06,18,Female,Hyderabad,Quarterly,10743.05,14,60,PayPal
BX01892,2026-05-24,,35,Other,Coimbatore,Monthly,797.73,1,55,Card
BX01893,2026-01-07,,18,Female,Mumbai,Monthly,3701.87,5,82,UPI
BX01894,2024-06-09,2025-01-08,32,Male,Kolkata,Monthly,5267.15,6,48,UPI
BX01895,2025-03-09,,24,Female,Delhi,Quarterly,12835.87,17,47,UPI
BX01896,2023-07-22,,20,Male,Bengaluru,Monthly,26723.35,35,66,Card
BX01897,2024-06-04,,18,Female,Jaipur,Annual,14904.36,24,100,UPI
BX01898,2025-05-22,,34,Male,Lucknow,Quarterly,10586.37,14,92,Card
BX01899,2024-07-08,,21,Male,Chennai,Monthly,18500.51,23,44,UPI
BX01900,2025-06-02,2025-08-17,18,Female,Ahmedabad,Monthly,1594.3,2,53,UPI
BX01901,2025-07-01,,39,Male,Kolkata,Monthly,9398.9,11,93,Other
BX01902,2024-04-11,,38,Male,Mumbai,Quarterly,18787.19,26,93,PayPal
BX01903,2023-09-29,2024-06-09,32,Female,Mumbai,Quarterly,5012.25,7,55,UPI
BX01904,2024-07-10,,18,Male,Mumbai,Annual,14975.39,23,87,UPI
BX01905,2024-10-14,,26,Other,Hyderabad,Quarterly,16738.74,22,64,UPI
BX01906,2023-11-24,,41,Male,Delhi,Quarterly,25337.88,33,69,Card
BX01907,2025-11-10,,32,Male,Bengaluru,Monthly,7889.41,9,65,UPI
BX01908,2024-08-30,,24,Male,Coimbatore,Annual,14531.37,23,72,Card
BX01909,2024-11-17,2025-04-05,42,Other,Bengaluru,Monthly,3504.52,4,41,Card
BX01910,2024-05-21,,48,Female,Mumbai,Annual,16811.6,26,49,Card
BX01911,2023-08-06,,26,Male,Lucknow,Annual,19967.82,35,100,PayPal
BX01912,2025-05-08,,25,Female,Kochi,Quarterly,10641.92,15,55,Other
BX01913,2024-12-27,2025-07-01,20,Female,Hyderabad,Monthly,5123.92,7,20,Card
BX01914,2025-10-28,,19,Male,Hyderabad,Monthly,6009.79,8,30,Other
BX01915,2025-10-17,2026-01-28,30,Female,Chennai,Monthly,3387.55,4,47,Other
BX01916,2024-04-02,2024-06-15,40,Female,Hyderabad,Monthly,1734.71,2,58,Card
BX01917,2024-08-23,,47,Male,Delhi,Monthly,20046.68,23,75,UPI
BX01918,2026-03-26,,28,Male,Pune,Monthly,1529.58,2,84,Card
BX01919,2024-01-10,2024-06-26,27,Female,Pune,Quarterly,2956.9,4,65,Card
BX01920,2025-07-24,2025-09-22,20,Male,Bengaluru,Monthly,2425.59,3,38,UPI
BX01921,2024-03-29,,34,Female,Kolkata,Monthly,23924.02,29,97,Card
BX01922,2023-08-22,2024-06-20,49,Male,Mumbai,Quarterly,6973.92,10,96,UPI
BX01923,2026-02-01,2026-04-03,30,Male,Hyderabad,Monthly,2486.91,3,54,Card
BX01924,2024-04-10,2024-10-17,23,Male,Ahmedabad,Monthly,4319.5,6,33,UPI
BX01925,2023-08-25,,31,Female,Kochi,Monthly,30119.4,35,46,PayPal
BX01926,2026-05-12,,34,Male,Pune,Monthly,2438.46,3,86,Other
BX01927,2024-04-15,,28,Female,Hyderabad,Monthly,24234.67,28,67,Other
BX01928,2025-12-04,,21,Male,Kochi,Monthly,5358.51,7,82,UPI
BX01929,2026-04-12,,20,Female,Pune,Quarterly,2062.0,3,63,UPI
BX01930,2024-01-13,,31,Other,Ahmedabad,Monthly,25141.21,30,89,PayPal
BX01931,2026-01-28,,30,Male,Pune,Quarterly,3009.54,4,76,Card
BX01932,2024-11-20,,32,Male,Pune,Annual,13164.66,21,82,UPI
BX01933,2026-06-27,,25,Female,Bengaluru,Monthly,1733.67,2,45,PayPal
BX01934,2024-05-21,,31,Female,Mumbai,Monthly,23728.9,27,74,Card
BX01935,2024-11-22,,40,Female,Delhi,Quarterly,14849.18,20,55,Card
BX01936,2024-01-09,,28,Female,Chennai,Quarterly,21292.62,31,72,PayPal
BX01937,2023-12-07,,37,Female,Ahmedabad,Monthly,23405.12,31,60,PayPal
BX01938,2025-11-15,,24,Male,Mumbai,Annual,4150.52,7,44,UPI
BX01939,2025-12-20,,19,Male,Kolkata,Monthly,4375.62,6,70,PayPal
BX01940,2025-01-19,2025-04-21,24,Male,Bengaluru,Monthly,2470.81,3,50,Card
BX01941,2026-03-02,,28,Male,Lucknow,Monthly,4052.73,5,67,Card
BX01942,2025-09-28,2026-05-11,18,Male,Kochi,Quarterly,4585.0,6,39,UPI
BX01943,2024-04-09,,28,Male,Hyderabad,Monthly,20744.87,27,88,Card
BX01944,2024-11-04,,29,Male,Bengaluru,Monthly,16024.99,20,67,UPI
BX01945,2025-01-08,2025-09-17,27,Female,Delhi,Monthly,6318.46,8,60,Other
BX01946,2026-06-17,,26,Male,Coimbatore,Monthly,0.0,0,54,Other
BX01947,2023-08-01,,37,Male,Hyderabad,Monthly,26354.6,35,70,UPI
BX01948,2024-04-12,,38,Male,Bengaluru,Monthly,20494.09,26,84,PayPal
BX01949,2025-02-28,2025-09-30,34,Female,Chennai,Annual,3791.1,6,61,Card
BX01950,2023-11-10,,28,Male,Ahmedabad,Annual,18485.58,32,70,UPI
BX01951,2024-08-17,2024-11-27,18,Male,Bengaluru,Annual,1810.38,3,61,Card
BX01952,2026-05-07,2026-07-10,27,Female,Chennai,Quarterly,739.9,1,78,UPI
BX01953,2024-05-12,,28,Male,Mumbai,Monthly,20567.21,27,75,Card
BX01954,2023-08-25,2023-10-02,45,Male,Bengaluru,Monthly,1459.82,2,24,UPI
BX01955,2026-06-12,,37,Male,Hyderabad,Quarterly,0.0,0,82,UPI
BX01956,2025-12-04,2026-02-11,20,Male,Hyderabad,Monthly,1469.31,2,48,Card
BX01957,2024-06-23,,51,Male,Ahmedabad,Monthly,22188.64,26,72,Card
BX01958,2024-06-24,,30,Female,Chennai,Monthly,21821.16,25,59,Card
BX01959,2024-05-12,,26,Male,Kolkata,Monthly,18003.78,25,59,Card
BX01960,2025-01-20,,32,Female,Delhi,Monthly,15299.83,19,75,Other
BX01961,2024-03-18,,18,Male,Coimbatore,Monthly,24857.82,29,48,Card
BX01962,2025-11-21,,50,Female,Mumbai,Monthly,6577.91,8,59,Card
BX01963,2025-12-21,,25,Female,Pune,Quarterly,5331.78,7,70,PayPal
BX01964,2024-05-25,,30,Female,Delhi,Annual,15098.05,25,70,PayPal
BX01965,2024-09-19,,38,Female,Jaipur,Monthly,17184.06,21,100,Card
BX01966,2024-02-22,,28,Female,Kolkata,Monthly,22992.39,28,65,UPI
BX01967,2025-04-10,,21,Male,Mumbai,Monthly,11960.88,16,72,UPI
BX01968,2026-03-26,,29,Other,Bengaluru,Monthly,2996.07,4,100,Card
BX01969,2024-10-01,,30,Female,Kolkata,Annual,11130.87,20,85,UPI
BX01970,2025-07-07,,38,Male,Mumbai,Annual,6596.26,11,97,Card
BX01971,2026-05-10,,27,Female,Lucknow,Monthly,1599.51,2,79,PayPal
BX01972,2024-08-20,,41,Female,Ahmedabad,Monthly,20230.3,24,94,Card
BX01973,2026-03-12,2026-04-12,45,Male,Coimbatore,Annual,0.0,0,30,Card
BX01974,2026-01-23,,31,Male,Chennai,Quarterly,2604.59,4,57,UPI
BX01975,2026-02-23,,28,Female,Chennai,Monthly,3339.02,4,93,Other
BX01976,2026-01-20,2026-02-27,36,Male,Chennai,Annual,1285.98,2,34,Card
BX01977,2026-05-10,2026-07-21,31,Female,Jaipur,Monthly,1519.64,2,44,UPI
BX01978,2024-04-29,,31,Female,Hyderabad,Monthly,22489.81,26,59,Card
BX01979,2026-04-24,,43,Female,Mumbai,Quarterly,738.86,1,68,Card
BX01980,2025-08-16,,18,Male,Pune,Quarterly,6657.39,10,51,UPI
BX01981,2026-03-11,,35,Female,Ahmedabad,Monthly,4384.44,5,62,UPI
BX01982,2024-12-04,2025-04-22,25,Male,Coimbatore,Quarterly,2705.94,4,54,Card
BX01983,2023-08-18,2023-10-23,30,Male,Chennai,Quarterly,1368.37,2,42,UPI
BX01984,2025-04-04,2025-08-18,18,Female,Lucknow,Monthly,3015.58,4,43,PayPal
BX01985,2023-10-10,,46,Male,Kolkata,Quarterly,23384.25,33,62,UPI
BX01986,2024-01-29,2025-01-02,34,Male,Ahmedabad,Monthly,7936.94,10,89,Card
BX01987,2026-07-17,,37,Female,Chennai,Annual,1202.52,2,77,UPI
BX01988,2023-08-21,,38,Female,Delhi,Quarterly,23091.49,34,79,UPI
BX01989,2026-02-24,2026-05-04,27,Female,Jaipur,Monthly,1528.75,2,31,Card
BX01990,2024-03-13,,38,Female,Mumbai,Quarterly,18520.24,27,37,UPI
BX01991,2025-03-04,2025-06-04,24,Female,Chennai,Monthly,3442.64,4,45,UPI
BX01992,2025-10-10,,28,Male,Hyderabad,Monthly,7158.07,9,100,PayPal
BX01993,2023-09-16,,28,Female,Bengaluru,Annual,20277.77,33,86,PayPal
BX01994,2024-12-05,,18,Other,Pune,Quarterly,12496.64,19,70,UPI
BX01995,2025-09-18,,28,Male,Bengaluru,Monthly,8064.45,11,90,UPI
BX01996,2023-11-10,,33,Female,Delhi,Annual,20203.87,31,100,UPI
BX01997,2025-09-30,,33,Female,Coimbatore,Annual,4874.67,8,55,UPI
BX01998,2024-03-30,,35,Female,Hyderabad,Monthly,21675.14,29,97,PayPal
BX01999,2026-02-08,2026-07-16,27,Female,Hyderabad,Monthly,4312.65,5,75,UPI
BX02000,2024-05-28,,36,Female,Bengaluru,Monthly,21761.78,27,82,PayPal
BX02001,2025-11-29,,29,Male,Kochi,Quarterly,4132.36,6,100,UPI
BX02002,2025-01-29,,30,Female,Delhi,Annual,11095.89,17,88,UPI
BX02003,2024-04-13,,30,Male,Pune,Annual,16218.58,28,100,Other
BX02004,2025-06-17,,31,Male,Ahmedabad,Monthly,11408.9,13,74,Card
BX02005,2025-12-22,,27,Male,Delhi,Monthly,4811.26,6,80,UPI
BX02006,2026-02-08,,29,Female,Coimbatore,Annual,2416.6,4,63,UPI
BX02007,2025-01-18,2025-09-01,28,Other,Delhi,Monthly,4463.92,6,50,Card
BX02008,2025-11-22,2026-05-30,38,Male,Delhi,Monthly,5151.03,6,49,Card
BX02009,2024-10-09,2025-05-18,26,Male,Lucknow,Monthly,5004.27,6,66,UPI
BX02010,2023-07-30,,27,Female,Pune,Monthly,29281.18,36,53,Other
BX02011,2026-02-14,2026-06-21,46,Other,Hyderabad,Quarterly,2267.01,3,29,UPI
BX02012,2024-07-07,,32,Male,Bengaluru,Annual,15445.48,25,82,PayPal
BX02013,2024-05-31,2024-11-13,18,Male,Kolkata,Monthly,5072.04,6,47,Card
BX02014,2024-08-10,,29,Female,Bengaluru,Quarterly,16382.4,22,71,Card
BX02015,2025-10-09,,18,Female,Pune,Monthly,5807.16,8,57,Other
BX02016,2025-01-09,,34,Male,Jaipur,Annual,11674.33,18,62,Card
BX02017,2025-10-24,,47,Male,Delhi,Quarterly,6788.5,9,74,Card
BX02018,2024-12-01,2025-02-02,24,Female,Hyderabad,Monthly,1444.29,2,34,Card
BX02019,2024-09-28,2025-03-07,23,Female,Kolkata,Monthly,4326.45,6,70,UPI
BX02020,2024-01-02,,18,Female,Delhi,Monthly,24146.58,31,71,UPI
BX02021,2025-03-04,2025-04-10,24,Male,Jaipur,Monthly,1515.63,2,43,Other
BX02022,2026-07-08,2026-07-17,58,Male,Hyderabad,Monthly,750.89,1,42,PayPal
BX02023,2024-07-09,,22,Male,Chennai,Monthly,19451.12,23,80,Card
BX02024,2023-10-18,,37,Male,Chennai,Monthly,23110.19,32,97,Other
BX02025,2024-12-30,2025-04-07,31,Male,Delhi,Monthly,3303.91,4,26,Other
BX02026,2025-05-27,2025-10-06,46,Female,Delhi,Monthly,2537.66,3,71,UPI
BX02027,2025-11-26,,28,Male,Jaipur,Annual,4432.13,7,100,UPI
BX02028,2026-03-29,,32,Male,Kochi,Monthly,2376.75,3,100,Other
BX02029,2025-02-24,,28,Male,Mumbai,Monthly,15085.1,18,85,Other
BX02030,2026-03-08,,18,Male,Delhi,Monthly,4164.05,5,68,UPI
BX02031,2026-06-03,,39,Male,Mumbai,Monthly,1488.01,2,36,Card
BX02032,2026-07-06,,33,Male,Kolkata,Quarterly,1536.01,2,46,PayPal
BX02033,2024-02-17,2024-03-26,20,Male,Coimbatore,Monthly,0.0,0,41,PayPal
BX02034,2025-07-05,2026-02-02,35,Female,Hyderabad,Monthly,6550.73,8,58,Card
BX02035,2026-03-29,2026-05-13,39,Female,Chennai,Quarterly,692.07,1,96,Other
BX02036,2024-03-30,,18,Female,Hyderabad,Annual,15373.95,28,94,Card
BX02037,2024-02-15,2024-12-20,47,Female,Jaipur,Monthly,7560.1,9,53,Card
BX02038,2024-05-20,2024-11-04,34,Female,Jaipur,Monthly,5121.07,6,56,Card
BX02039,2026-01-25,,18,Male,Bengaluru,Monthly,3250.58,4,48,Card
BX02040,2023-12-27,,37,Male,Mumbai,Quarterly,21441.08,30,69,PayPal
BX02041,2026-05-23,,26,Male,Chennai,Annual,0.0,0,77,UPI
BX02042,2026-06-04,,34,Female,Chennai,Monthly,752.95,1,23,Card
BX02043,2025-08-03,,18,Male,Kochi,Quarterly,8346.22,11,56,Card
BX02044,2025-12-26,,31,Male,Ahmedabad,Monthly,5976.46,7,53,Card
BX02045,2024-03-29,,30,Male,Pune,Quarterly,20092.88,28,55,Card
BX02046,2024-06-10,,23,Male,Mumbai,Monthly,20370.81,26,72,PayPal
BX02047,2025-10-28,2026-06-07,22,Female,Mumbai,Quarterly,3960.91,6,59,PayPal
BX02048,2024-12-23,,31,Male,Mumbai,Annual,12725.5,20,100,UPI
BX02049,2023-12-09,,18,Female,Bengaluru,Monthly,25290.47,30,46,UPI
BX02050,2025-03-12,,34,Female,Bengaluru,Monthly,11949.57,16,90,Card
BX02051,2024-03-04,,28,Male,Coimbatore,Monthly,23794.48,29,60,Card
BX02052,2025-04-12,2026-05-24,39,Female,Chennai,Monthly,10214.41,12,54,PayPal
BX02053,2025-01-08,,27,Male,Coimbatore,Monthly,13873.71,19,52,Other
BX02054,2024-07-23,,42,Female,Kolkata,Annual,15332.1,24,67,UPI
BX02055,2024-03-27,,26,Female,Coimbatore,Monthly,23153.76,27,61,PayPal
BX02056,2026-07-19,2026-07-20,21,Male,Kolkata,Monthly,1578.36,2,38,Card
BX02057,2024-03-24,,34,Male,Coimbatore,Monthly,24102.88,29,33,Card
BX02058,2026-02-28,,35,Male,Kochi,Annual,1837.93,3,68,UPI
BX02059,2025-08-02,2026-05-06,30,Male,Ahmedabad,Quarterly,5180.43,8,79,UPI
BX02060,2023-10-13,,36,Male,Pune,Monthly,25840.43,34,73,UPI
BX02061,2026-01-06,2026-06-17,18,Female,Chennai,Monthly,5005.3,6,49,PayPal
BX02062,2024-01-10,2024-05-13,18,Male,Delhi,Monthly,3812.95,5,46,UPI
BX02063,2025-06-06,,36,Female,Coimbatore,Annual,6526.61,12,37,Card
BX02064,2023-10-18,,39,Male,Bengaluru,Monthly,27732.06,34,31,PayPal
BX02065,2025-02-22,2025-04-01,25,Female,Kochi,Quarterly,0.0,0,84,UPI
BX02066,2023-09-06,,23,Male,Bengaluru,Monthly,27143.78,35,68,Card
BX02067,2024-03-25,,47,Male,Coimbatore,Monthly,23836.36,29,65,UPI
BX02068,2025-06-23,,53,Male,Ahmedabad,Annual,8020.98,14,86,UPI
BX02069,2023-10-28,,29,Female,Delhi,Quarterly,23271.85,34,93,UPI
BX02070,2026-04-01,,28,Female,Bengaluru,Monthly,1439.3,2,79,UPI
BX02071,2025-08-19,2026-02-20,18,Other,Ahmedabad,Monthly,4181.19,5,58,UPI
BX02072,2025-12-30,,30,Female,Coimbatore,Quarterly,5179.87,7,84,UPI
BX02073,2026-07-19,,42,Female,Delhi,Monthly,746.83,1,64,UPI
BX02074,2025-05-28,,28,Female,Hyderabad,Monthly,8658.38,12,62,PayPal
BX02075,2025-01-17,,27,Female,Mumbai,Quarterly,12678.3,19,64,Card
BX02076,2025-08-04,,42,Male,Chennai,Annual,6944.78,11,89,Card
BX02077,2024-02-16,,37,Female,Jaipur,Monthly,22193.55,30,61,UPI
BX02078,2023-11-02,,26,Male,Bengaluru,Annual,19184.2,33,100,UPI
BX02079,2024-02-18,,46,Male,Coimbatore,Monthly,25500.1,30,45,Card
BX02080,2024-02-23,,28,Female,Hyderabad,Monthly,22663.33,29,80,Card
BX02081,2025-10-18,,32,Female,Hyderabad,Quarterly,6644.02,10,65,UPI
BX02082,2023-09-26,,40,Female,Hyderabad,Monthly,28621.33,34,39,UPI
BX02083,2024-10-19,2025-02-27,38,Male,Chennai,Quarterly,2782.8,4,64,UPI
BX02084,2024-10-21,2025-11-17,41,Female,Coimbatore,Monthly,11048.1,13,68,PayPal
BX02085,2025-02-02,2025-04-22,29,Male,Jaipur,Monthly,1654.18,2,63,UPI
BX02086,2024-06-22,,21,Female,Chennai,Monthly,21206.96,25,64,UPI
BX02087,2025-03-14,,35,Female,Hyderabad,Annual,8908.13,16,76,UPI
BX02088,2024-10-12,,34,Male,Mumbai,Monthly,17514.33,22,98,Card
BX02089,2024-10-27,,33,Female,Delhi,Annual,13607.23,22,74,Card
BX02090,2025-08-06,2025-11-06,18,Female,Hyderabad,Monthly,2512.39,3,66,Other
BX02091,2024-02-06,,32,Male,Chennai,Monthly,23946.0,29,71,UPI
BX02092,2024-07-07,,34,Male,Bengaluru,Monthly,20936.6,24,91,UPI
BX02093,2026-04-05,,45,Female,Bengaluru,Quarterly,1528.19,2,45,UPI
BX02094,2025-09-22,,32,Male,Chennai,Monthly,7904.77,10,72,UPI
BX02095,2025-11-27,,18,Male,Coimbatore,Quarterly,4075.19,6,35,PayPal
BX02096,2024-11-02,,35,Male,Ahmedabad,Annual,13376.18,21,50,Other
BX02097,2026-06-14,,41,Female,Mumbai,Monthly,0.0,0,62,UPI
BX02098,2024-03-29,,33,Female,Bengaluru,Monthly,22570.29,29,54,UPI
BX02099,2026-06-30,2026-07-21,18,Female,Hyderabad,Annual,0.0,0,88,Card
BX02100,2026-06-09,2026-07-15,36,Male,Jaipur,Monthly,820.94,1,39,UPI
BX02101,2025-07-25,2025-12-28,24,Female,Bengaluru,Monthly,4652.23,6,81,UPI
BX02102,2024-02-10,,27,Male,Delhi,Monthly,22937.56,30,41,PayPal
BX02103,2025-07-31,,34,Male,Hyderabad,Monthly,9931.17,12,60,UPI
BX02104,2025-05-23,,28,Female,Hyderabad,Monthly,10928.69,14,67,Card
BX02105,2024-02-22,,38,Female,Mumbai,Annual,17816.67,30,53,UPI
BX02106,2025-12-24,,32,Female,Ahmedabad,Annual,3819.47,6,72,Card
BX02107,2026-06-04,2026-07-18,28,Other,Delhi,Monthly,0.0,0,71,Card
BX02108,2025-07-20,2026-04-24,45,Male,Hyderabad,Quarterly,5282.71,8,54,Card
BX02109,2023-12-21,,34,Male,Hyderabad,Quarterly,20376.87,30,82,Card
BX02110,2025-02-26,,29,Female,Chennai,Annual,10181.0,18,75,UPI
BX02111,2026-05-08,,33,Female,Mumbai,Monthly,2529.28,3,79,UPI
BX02112,2023-09-16,2024-01-27,33,Female,Mumbai,Monthly,2430.65,3,63,UPI
BX02113,2023-08-26,,36,Male,Hyderabad,Quarterly,27075.61,36,65,UPI
BX02114,2024-08-15,2025-03-01,22,Female,Bengaluru,Monthly,4798.92,6,44,UPI
BX02115,2025-03-09,,32,Male,Chennai,Monthly,11308.08,15,72,UPI
BX02116,2025-06-11,,22,Male,Jaipur,Quarterly,7646.77,12,75,Card
BX02117,2026-03-29,,28,Male,Hyderabad,Monthly,1439.84,2,51,PayPal
BX02118,2024-09-24,2024-11-27,19,Female,Kochi,Monthly,1657.86,2,42,PayPal
BX02119,2026-03-15,,35,Male,Coimbatore,Quarterly,2158.89,3,90,Card
BX02120,2025-12-08,,28,Male,Kolkata,Quarterly,5031.91,7,50,Card
BX02121,2024-01-14,,18,Female,Chennai,Monthly,21890.24,30,55,UPI
BX02122,2025-04-20,,43,Female,Bengaluru,Annual,10169.52,16,76,Card
BX02123,2024-12-08,,30,Other,Ahmedabad,Annual,10533.57,19,83,PayPal
BX02124,2024-03-08,,31,Female,Coimbatore,Quarterly,19929.34,27,67,Other
BX02125,2024-04-14,,35,Male,Bengaluru,Annual,17017.49,28,100,Card
BX02126,2023-07-24,2023-11-09,18,Male,Chennai,Monthly,3128.76,4,76,Card
BX02127,2023-09-25,,34,Female,Mumbai,Quarterly,25071.81,34,51,Card
BX02128,2025-10-31,,33,Male,Chennai,Monthly,5402.7,7,78,Card
BX02129,2025-08-24,,35,Female,Chennai,Monthly,10023.0,12,84,UPI
BX02130,2023-11-06,,21,Male,Delhi,Monthly,27351.93,33,59,UPI
BX02131,2025-08-18,,41,Female,Chennai,Monthly,8862.53,12,73,UPI
BX02132,2026-01-13,,30,Female,Delhi,Monthly,5140.63,6,59,Card
BX02133,2025-11-19,,38,Male,Mumbai,Monthly,5338.83,7,66,Card
BX02134,2024-06-14,,29,Male,Ahmedabad,Monthly,20786.56,24,50,Card
BX02135,2025-06-29,,47,Female,Coimbatore,Quarterly,8697.44,13,91,Card
BX02136,2025-08-24,,35,Female,Lucknow,Monthly,8769.55,12,95,Card
BX02137,2024-07-09,,39,Female,Bengaluru,Monthly,20310.9,25,72,UPI
BX02138,2026-02-03,2026-07-07,25,Female,Coimbatore,Monthly,3445.0,4,28,Other
BX02139,2024-11-02,2025-05-16,29,Male,Jaipur,Monthly,5227.93,7,56,UPI
BX02140,2024-01-29,,25,Male,Ahmedabad,Monthly,26085.77,30,91,UPI
BX02141,2025-06-19,,18,Female,Bengaluru,Annual,8075.68,14,47,Other
BX02142,2026-01-28,,33,Female,Chennai,Quarterly,4454.01,6,60,UPI
BX02143,2024-08-28,,34,Male,Bengaluru,Monthly,16589.62,23,55,PayPal
BX02144,2026-05-27,,42,Female,Hyderabad,Monthly,0.0,0,95,UPI
BX02145,2024-04-05,2024-05-13,31,Female,Bengaluru,Monthly,1691.67,2,69,Card
BX02146,2023-10-05,,39,Female,Delhi,Monthly,25824.92,34,55,Card
BX02147,2025-03-09,,28,Female,Hyderabad,Quarterly,11188.68,17,71,UPI
BX02148,2024-04-11,2024-10-10,22,Male,Mumbai,Quarterly,4102.24,6,44,Other
BX02149,2024-10-03,2025-03-17,18,Male,Kochi,Monthly,4369.74,6,39,UPI
BX02150,2024-06-24,2024-08-07,35,Female,Chennai,Quarterly,1451.19,2,62,Card
BX02151,2024-04-07,,38,Male,Coimbatore,Monthly,19941.22,26,56,Other
BX02152,2024-09-04,,24,Female,Kolkata,Annual,11592.48,21,100,UPI
BX02153,2023-09-07,2023-10-08,21,Male,Hyderabad,Monthly,1537.05,2,9,Card
BX02154,2025-08-03,2025-12-09,21,Male,Kolkata,Monthly,3220.34,4,35,UPI
BX02155,2024-05-17,,25,Male,Delhi,Monthly,20990.02,27,62,UPI
BX02156,2024-08-17,,29,Female,Kochi,Annual,13427.71,24,84,Card
BX02157,2025-11-17,,29,Male,Kolkata,Monthly,6069.19,8,73,Card
BX02158,2026-05-29,,33,Male,Chennai,Quarterly,647.4,1,56,Card
BX02159,2025-08-22,2025-12-29,23,Female,Hyderabad,Monthly,2359.48,3,36,UPI
BX02160,2024-02-15,,41,Female,Bengaluru,Monthly,25006.97,30,45,Card
BX02161,2026-03-30,2026-07-12,28,Male,Lucknow,Monthly,2277.15,3,49,Card
BX02162,2025-04-23,,25,Female,Chennai,Monthly,10280.34,14,91,PayPal
BX02163,2026-01-24,,20,Male,Delhi,Monthly,3449.11,4,53,Card
BX02164,2023-11-21,,34,Other,Chennai,Monthly,25658.85,33,67,UPI
BX02165,2025-08-10,,31,Male,Jaipur,Quarterly,7521.46,10,59,UPI
BX02166,2026-01-31,,25,Male,Chennai,Monthly,4885.93,6,94,UPI
BX02167,2025-05-06,,42,Female,Lucknow,Monthly,11212.51,13,63,UPI
BX02168,2025-08-14,,30,Female,Ahmedabad,Monthly,8424.23,11,66,UPI
BX02169,2026-06-05,2026-07-17,25,Female,Kolkata,Monthly,0.0,0,62,UPI
BX02170,2024-12-10,,46,Female,Mumbai,Monthly,13226.98,18,74,PayPal
BX02171,2024-12-29,,29,Male,Delhi,Monthly,14046.98,17,100,Card
BX02172,2023-11-18,2024-08-24,18,Male,Chennai,Monthly,6756.14,9,55,UPI
BX02173,2025-04-01,,18,Male,Pune,Quarterly,11255.55,16,62,UPI
BX02174,2024-03-04,,18,Male,Jaipur,Quarterly,18556.85,27,68,Card
BX02175,2023-12-12,,22,Female,Jaipur,Monthly,24380.22,32,51,PayPal
BX02176,2025-10-09,,42,Female,Bengaluru,Monthly,6490.62,9,54,Card
BX02177,2026-03-19,,44,Male,Delhi,Quarterly,3335.66,5,99,UPI
BX02178,2025-11-09,,39,Female,Chennai,Annual,4556.39,8,95,Other
BX02179,2024-10-03,,24,Male,Chennai,Quarterly,14601.83,21,45,UPI
BX02180,2024-10-11,,39,Female,Kolkata,Monthly,16324.79,20,72,Card
BX02181,2025-08-31,,42,Male,Kolkata,Annual,6182.86,11,73,Card
BX02182,2024-01-14,,37,Male,Hyderabad,Monthly,25144.83,29,71,UPI
BX02183,2024-07-18,,35,Female,Hyderabad,Monthly,19764.63,24,77,Card
BX02184,2025-10-07,2025-12-22,25,Male,Hyderabad,Monthly,2524.6,3,89,Card
BX02185,2024-10-08,,20,Female,Mumbai,Monthly,16090.48,20,59,Other
BX02186,2023-08-14,2023-09-24,35,Female,Jaipur,Monthly,0.0,0,54,UPI
BX02187,2025-12-12,,28,Female,Mumbai,Monthly,5198.85,7,54,UPI
BX02188,2024-12-23,2025-06-09,32,Male,Chennai,Monthly,4285.6,5,74,UPI
BX02189,2025-11-26,,25,Male,Coimbatore,Quarterly,4469.46,6,79,UPI
BX02190,2024-05-20,2024-08-21,29,Male,Jaipur,Monthly,3001.96,4,19,Card
BX02191,2025-06-22,,39,Male,Bengaluru,Annual,6676.64,12,83,Card
BX02192,2026-06-13,2026-07-20,23,Male,Hyderabad,Monthly,0.0,0,42,UPI
BX02193,2025-09-06,,28,Male,Mumbai,Quarterly,6665.26,9,75,Card
BX02194,2023-12-11,,40,Female,Chennai,Quarterly,20783.84,30,66,Card
BX02195,2025-04-29,2025-07-16,29,Female,Pune,Quarterly,635.31,1,88,UPI
BX02196,2025-12-06,,18,Male,Ahmedabad,Quarterly,4520.77,6,55,Card
BX02197,2026-05-07,2026-07-06,33,Male,Delhi,Monthly,2380.71,3,28,UPI
BX02198,2024-12-18,,19,Male,Delhi,Annual,10964.3,20,73,Card
BX02199,2025-09-22,,37,Female,Ahmedabad,Annual,5733.0,9,54,UPI
BX02200,2026-01-24,,33,Male,Chennai,Monthly,4999.98,6,99,Card
BX02201,2024-08-17,,30,Male,Delhi,Monthly,16854.06,22,85,Card
BX02202,2026-04-02,,37,Male,Bengaluru,Annual,1168.65,2,58,PayPal
BX02203,2026-01-22,2026-03-03,35,Female,Ahmedabad,Monthly,736.74,1,50,PayPal
BX02204,2024-12-17,,31,Male,Mumbai,Quarterly,14913.84,20,55,UPI
BX02205,2024-01-28,2024-08-08,31,Female,Delhi,Monthly,5302.54,7,47,UPI
BX02206,2023-08-16,2024-01-28,38,Male,Ahmedabad,Monthly,3844.97,5,80,UPI
BX02207,2024-04-10,,22,Female,Bengaluru,Monthly,22403.28,27,62,UPI
BX02208,2025-03-28,,22,Female,Bengaluru,Annual,8843.36,16,51,PayPal
BX02209,2024-07-12,,30,Male,Kochi,Monthly,18543.17,24,83,PayPal
BX02210,2023-08-23,2024-02-02,27,Female,Ahmedabad,Quarterly,3685.74,5,33,UPI
BX02211,2024-11-18,2025-02-19,24,Male,Mumbai,Monthly,1748.29,2,60,Card
BX02212,2026-03-12,2026-06-15,34,Other,Coimbatore,Monthly,1568.67,2,53,Card
BX02213,2024-08-20,,46,Male,Delhi,Monthly,17310.56,23,79,Card
BX02214,2025-01-29,2026-01-05,35,Female,Bengaluru,Monthly,8761.1,12,79,Card
BX02215,2025-05-24,2025-07-25,31,Male,Lucknow,Monthly,721.81,1,45,UPI
BX02216,2026-04-22,2026-07-19,29,Male,Kolkata,Quarterly,2206.86,3,87,Card
BX02217,2024-03-11,,31,Female,Bengaluru,Monthly,20436.01,28,51,Card
BX02218,2025-03-11,,30,Male,Ahmedabad,Monthly,13637.46,17,62,Card
BX02219,2025-08-05,,25,Female,Delhi,Quarterly,6861.9,10,74,UPI
BX02220,2025-03-10,2025-04-12,27,Male,Mumbai,Quarterly,0.0,0,75,Card
BX02221,2024-01-06,,37,Male,Coimbatore,Monthly,22178.3,29,77,Card
BX02222,2025-12-19,,32,Male,Bengaluru,Annual,3540.63,6,70,Card
BX02223,2025-04-09,,26,Male,Kochi,Quarterly,11623.82,16,95,Card
BX02224,2023-11-25,2024-03-25,25,Male,Pune,Monthly,4079.26,5,18,UPI
BX02225,2024-03-19,,28,Male,Chennai,Monthly,21798.82,29,56,UPI
BX02226,2025-09-20,2026-02-25,33,Male,Hyderabad,Monthly,4382.29,5,54,UPI
BX02227,2023-08-10,2023-11-26,32,Female,Chennai,Monthly,2588.28,3,51,UPI
BX02228,2024-07-31,,34,Female,Kochi,Monthly,18238.21,25,71,Card
BX02229,2024-12-28,,43,Male,Ahmedabad,Monthly,15432.84,20,46,UPI
BX02230,2024-06-01,,34,Male,Hyderabad,Monthly,22181.62,26,74,UPI
BX02231,2025-12-15,,46,Male,Delhi,Monthly,5760.89,7,53,Card
BX02232,2025-01-26,2025-06-08,24,Female,Jaipur,Quarterly,2872.57,4,56,UPI
BX02233,2025-02-25,,36,Female,Bengaluru,Monthly,14520.23,18,61,Card
BX02234,2024-10-13,,18,Male,Chennai,Quarterly,14980.51,22,51,UPI
BX02235,2023-09-26,,39,Male,Hyderabad,Annual,20609.85,33,83,Other
BX02236,2024-02-23,2024-05-29,18,Other,Bengaluru,Monthly,2584.05,3,68,Card
BX02237,2025-06-28,,23,Male,Bengaluru,Monthly,8988.23,12,70,UPI
BX02238,2026-01-03,2026-06-10,35,Male,Mumbai,Monthly,4182.79,5,52,Other
BX02239,2025-09-29,,37,Female,Pune,Annual,5696.37,10,56,UPI
BX02240,2025-11-04,,22,Male,Mumbai,Quarterly,4482.38,7,100,Other
BX02241,2023-09-29,,33,Male,Pune,Quarterly,25022.09,33,61,Card
BX02242,2024-07-22,2024-12-31,35,Other,Bengaluru,Monthly,3234.36,4,52,Other
BX02243,2025-05-14,,33,Female,Hyderabad,Annual,7564.07,14,31,UPI
BX02244,2025-11-29,,43,Male,Kolkata,Annual,3324.71,6,76,PayPal
BX02245,2024-09-08,2024-12-11,35,Male,Kolkata,Monthly,3016.48,4,70,Card
BX02246,2025-07-05,,32,Male,Chennai,Monthly,8848.21,11,73,Card
BX02247,2025-12-20,,31,Female,Kolkata,Annual,3280.44,6,58,Card
BX02248,2023-11-17,,40,Female,Kochi,Quarterly,22416.8,32,67,Other
BX02249,2025-06-03,,25,Female,Coimbatore,Annual,8636.54,14,82,Card
BX02250,2026-05-27,2026-06-28,21,Female,Coimbatore,Monthly,0.0,0,49,Card
BX02251,2023-10-27,,33,Male,Bengaluru,Monthly,28834.98,34,63,Other
BX02252,2026-04-21,,36,Female,Mumbai,Monthly,3406.85,4,74,UPI
BX02253,2025-06-25,2025-12-08,32,Male,Delhi,Monthly,4456.31,6,37,PayPal
BX02254,2025-05-23,,43,Female,Pune,Monthly,12130.21,14,94,Card
BX02255,2025-09-11,2025-11-26,28,Male,Mumbai,Monthly,1560.52,2,71,UPI
BX02256,2024-12-05,,44,Male,Bengaluru,Monthly,16642.24,19,100,Card
BX02257,2026-01-12,,30,Female,Bengaluru,Annual,3781.73,6,70,PayPal
BX02258,2026-03-18,,23,Other,Pune,Quarterly,2273.98,3,80,UPI
BX02259,2026-01-22,,50,Male,Hyderabad,Monthly,4341.42,5,77,UPI
BX02260,2025-01-17,,37,Female,Delhi,Monthly,13492.98,17,54,UPI
BX02261,2024-11-15,2025-01-03,34,Male,Mumbai,Quarterly,1489.77,2,57,Card
BX02262,2024-05-04,,27,Other,Bengaluru,Monthly,18163.73,25,21,UPI
BX02263,2023-12-11,2024-12-05,27,Male,Ahmedabad,Quarterly,8719.8,13,44,UPI
BX02264,2024-06-23,2024-09-24,29,Male,Kolkata,Quarterly,1920.11,3,34,UPI
BX02265,2025-01-21,,27,Female,Kolkata,Quarterly,12217.51,19,89,UPI
BX02266,2026-04-25,2026-06-29,18,Male,Bengaluru,Quarterly,2298.67,3,59,UPI
BX02267,2024-05-29,2024-06-30,18,Female,Bengaluru,Monthly,0.0,0,52,UPI
BX02268,2025-04-02,,21,Male,Kolkata,Annual,8764.95,15,92,UPI
BX02269,2024-11-11,,23,Male,Mumbai,Annual,10674.52,19,76,UPI
BX02270,2024-09-12,,24,Other,Lucknow,Quarterly,15791.58,21,33,UPI
BX02271,2025-11-24,2026-02-01,35,Male,Mumbai,Quarterly,1297.09,2,39,UPI
BX02272,2025-01-22,,19,Female,Jaipur,Monthly,15642.39,18,58,UPI
BX02273,2024-01-15,2024-05-18,26,Male,Kolkata,Monthly,3785.79,5,61,Card
BX02274,2023-10-02,,32,Female,Bengaluru,Annual,20297.89,35,100,Card
BX02275,2024-10-25,,40,Female,Chennai,Monthly,18235.35,21,65,UPI
BX02276,2024-11-27,,18,Female,Pune,Annual,11163.11,20,59,Card
BX02277,2025-05-21,,57,Male,Bengaluru,Monthly,12764.41,15,52,Card
BX02278,2025-07-21,,23,Male,Hyderabad,Quarterly,7089.02,11,58,PayPal
BX02279,2025-08-28,2026-06-05,27,Male,Ahmedabad,Monthly,6600.33,9,64,Card
BX02280,2025-09-01,2025-10-10,30,Male,Mumbai,Quarterly,0.0,0,76,Other
BX02281,2024-01-18,2024-03-19,28,Male,Jaipur,Monthly,1529.42,2,59,UPI
BX02282,2025-05-21,2025-08-29,21,Female,Mumbai,Quarterly,2955.68,4,63,Other
BX02283,2024-07-16,2025-04-24,25,Female,Pune,Monthly,7196.03,10,43,PayPal
BX02284,2024-08-22,,24,Male,Bengaluru,Monthly,19476.87,23,55,Card
BX02285,2024-05-06,,47,Male,Mumbai,Annual,16900.68,26,100,UPI
BX02286,2023-12-10,,42,Male,Bengaluru,Annual,16511.38,30,62,UPI
BX02287,2024-03-11,,32,Female,Hyderabad,Monthly,23587.61,28,45,UPI
BX02288,2025-04-07,2026-01-21,24,Male,Jaipur,Monthly,8345.26,10,52,Card
BX02289,2023-08-22,,41,Male,Pune,Monthly,27758.04,36,88,Card
BX02290,2025-12-09,,41,Male,Bengaluru,Quarterly,5130.16,8,73,UPI
BX02291,2026-05-22,,34,Male,Mumbai,Annual,1868.62,3,62,PayPal
BX02292,2024-01-05,,45,Male,Bengaluru,Quarterly,19618.22,31,68,Other
BX02293,2025-12-01,,35,Female,Mumbai,Monthly,4568.94,6,56,UPI
BX02294,2024-08-30,,29,Male,Hyderabad,Monthly,18956.88,23,81,Card
BX02295,2026-01-09,,20,Male,Chennai,Monthly,4323.05,6,62,UPI
BX02296,2024-09-15,,32,Male,Lucknow,Monthly,17470.1,21,92,UPI
BX02297,2025-11-11,2025-12-16,18,Female,Coimbatore,Monthly,735.96,1,46,Card
BX02298,2026-05-20,2026-07-04,21,Male,Ahmedabad,Monthly,0.0,0,36,UPI
BX02299,2024-08-26,,29,Female,Kolkata,Monthly,18440.22,24,89,PayPal
BX02300,2026-02-25,,30,Male,Jaipur,Quarterly,2108.33,3,61,UPI
BX02301,2025-01-01,,30,Other,Hyderabad,Quarterly,13897.93,19,68,UPI
BX02302,2024-04-06,,28,Male,Chennai,Monthly,23689.1,27,59,PayPal
BX02303,2025-12-06,2026-06-21,25,Female,Hyderabad,Monthly,5116.16,7,42,UPI
BX02304,2024-02-03,,25,Male,Bengaluru,Quarterly,21094.95,29,60,UPI
BX02305,2024-07-05,,57,Female,Mumbai,Monthly,16816.06,23,83,UPI
BX02306,2024-12-24,,49,Female,Bengaluru,Monthly,13283.93,18,65,Other
BX02307,2024-08-22,,18,Male,Kochi,Quarterly,14489.12,23,53,Other
BX02308,2023-07-30,2024-01-03,35,Female,Chennai,Monthly,3919.87,5,100,Card
BX02309,2024-09-26,,21,Male,Bengaluru,Monthly,16335.56,21,66,Card
BX02310,2024-12-20,,41,Female,Mumbai,Monthly,14133.47,19,67,Other
BX02311,2025-06-14,,18,Male,Hyderabad,Monthly,10627.43,13,61,UPI
BX02312,2023-09-05,,28,Female,Hyderabad,Monthly,29041.93,34,37,Other
BX02313,2026-03-12,2026-07-20,35,Male,Ahmedabad,Monthly,2257.1,3,35,Card
BX02314,2024-05-13,,36,Female,Kochi,Annual,16299.2,26,63,Card
BX02315,2025-02-11,,36,Male,Hyderabad,Annual,11452.74,18,75,UPI
BX02316,2025-12-03,,27,Female,Pune,Monthly,6100.54,8,51,Card
BX02317,2024-06-04,2025-04-13,18,Male,Kolkata,Monthly,9430.88,11,10,Card
BX02318,2026-04-16,,33,Male,Ahmedabad,Quarterly,2094.53,3,56,Other
BX02319,2025-11-03,2026-05-08,38,Female,Hyderabad,Monthly,5937.37,7,72,Card
BX02320,2026-01-22,,28,Female,Bengaluru,Monthly,4027.32,5,66,Card
BX02321,2025-12-29,,36,Male,Chennai,Monthly,3710.14,5,35,UPI
BX02322,2025-09-25,2026-06-24,25,Female,Hyderabad,Monthly,7352.7,9,42,Card
BX02323,2023-10-30,,35,Female,Delhi,Monthly,26581.16,32,100,PayPal
BX02324,2026-02-27,,28,Female,Delhi,Quarterly,2569.97,4,47,UPI
BX02325,2026-03-10,,20,Female,Pune,Monthly,3458.3,4,63,Card
BX02326,2025-06-29,2025-11-04,35,Female,Kolkata,Annual,1636.73,3,78,Card
BX02327,2024-07-24,,37,Female,Delhi,Quarterly,18378.7,24,43,Card
BX02328,2025-05-26,,33,Male,Bengaluru,Quarterly,9840.06,14,44,Other
BX02329,2025-10-14,2026-01-15,40,Male,Delhi,Quarterly,2710.94,4,63,UPI
BX02330,2024-03-01,,32,Female,Bengaluru,Monthly,23324.67,28,90,Card
BX02331,2024-05-23,,32,Female,Ahmedabad,Quarterly,18191.06,27,47,Card
BX02332,2025-04-15,,31,Male,Bengaluru,Monthly,13265.57,16,42,Card
BX02333,2026-05-19,,49,Female,Mumbai,Quarterly,762.2,1,62,UPI
BX02334,2025-06-03,,18,Female,Chennai,Annual,7598.38,14,100,Card
BX02335,2026-03-19,2026-05-27,23,Male,Bengaluru,Annual,1315.91,2,65,Card
BX02336,2024-12-06,,18,Female,Chennai,Quarterly,14373.5,20,86,Other
BX02337,2024-12-07,2025-02-12,32,Male,Lucknow,Quarterly,1530.23,2,46,UPI
BX02338,2024-08-09,,42,Other,Hyderabad,Monthly,18807.26,22,37,UPI
BX02339,2026-04-06,,50,Female,Kolkata,Monthly,2454.74,3,57,UPI
BX02340,2024-06-09,,34,Male,Kochi,Monthly,22550.46,26,29,UPI
BX02341,2024-03-28,,20,Male,Jaipur,Annual,17553.11,29,33,UPI
BX02342,2025-04-18,,27,Male,Kolkata,Monthly,11673.03,15,62,Card
BX02343,2024-06-10,2024-11-21,38,Male,Bengaluru,Monthly,3608.59,5,73,Card
BX02344,2025-05-23,,20,Male,Hyderabad,Quarterly,8943.78,14,83,Card
BX02345,2025-03-02,,39,Male,Chennai,Quarterly,10000.08,15,84,UPI
BX02346,2026-07-03,2026-07-19,35,Female,Chennai,Monthly,1520.85,2,50,Other
BX02347,2024-01-08,2024-05-17,29,Male,Bengaluru,Monthly,2242.86,3,59,UPI
BX02348,2024-04-23,2024-10-03,30,Male,Hyderabad,Quarterly,2835.17,4,98,UPI
BX02349,2026-06-23,,18,Female,Delhi,Annual,0.0,0,70,UPI
BX02350,2026-04-19,,52,Male,Kolkata,Monthly,1522.55,2,99,Card
BX02351,2026-07-09,,43,Female,Hyderabad,Quarterly,1319.49,2,68,Card
BX02352,2025-04-13,,19,Male,Chennai,Quarterly,9744.48,14,62,PayPal
BX02353,2024-07-06,2024-11-08,20,Female,Bengaluru,Monthly,2884.7,4,22,Card
BX02354,2024-03-28,2024-08-09,46,Male,Mumbai,Quarterly,2707.92,4,56,UPI
BX02355,2024-06-20,2024-08-28,33,Male,Mumbai,Monthly,1497.02,2,79,UPI
BX02356,2023-10-07,,28,Female,Kochi,Quarterly,24232.52,32,100,Card
BX02357,2024-09-22,2025-03-31,30,Female,Bengaluru,Annual,3838.96,6,45,PayPal
BX02358,2025-08-20,,27,Female,Ahmedabad,Monthly,8743.02,11,68,UPI
BX02359,2026-07-07,,33,Female,Pune,Annual,567.62,1,100,Card
BX02360,2025-08-18,,38,Male,Bengaluru,Quarterly,7163.27,10,75,Card
BX02361,2023-08-20,,19,Male,Coimbatore,Quarterly,24630.45,35,56,UPI
BX02362,2023-08-31,2024-01-09,20,Male,Hyderabad,Monthly,4231.84,5,25,Card
BX02363,2025-03-22,2025-08-27,30,Female,Ahmedabad,Monthly,5264.05,6,58,UPI
BX02364,2026-01-30,2026-07-10,20,Female,Coimbatore,Monthly,4355.08,5,86,UPI
BX02365,2024-08-04,,41,Male,Mumbai,Monthly,19997.64,23,69,PayPal
BX02366,2024-12-02,,26,Other,Delhi,Monthly,15892.29,19,42,UPI
BX02367,2024-07-30,2024-11-01,53,Female,Chennai,Quarterly,3063.27,4,71,Card
BX02368,2026-01-31,2026-06-08,27,Female,Pune,Monthly,4141.75,5,47,UPI
BX02369,2026-04-22,,27,Male,Bengaluru,Monthly,3017.2,4,100,Card
BX02370,2024-06-06,2024-09-18,41,Female,Hyderabad,Monthly,3467.62,4,48,Card
BX02371,2026-01-25,,30,Male,Bengaluru,Quarterly,3801.59,5,59,Card
BX02372,2023-09-25,2023-10-25,35,Female,Chennai,Monthly,1524.62,2,67,UPI
BX02373,2025-03-31,,23,Male,Chennai,Quarterly,12113.99,16,51,UPI
BX02374,2026-02-26,,29,Male,Lucknow,Quarterly,2882.5,4,76,PayPal
BX02375,2025-05-06,,33,Female,Chennai,Annual,9287.1,15,100,PayPal
BX02376,2026-03-30,2026-06-08,29,Female,Bengaluru,Annual,593.85,1,85,Card
BX02377,2025-12-07,,32,Female,Chennai,Quarterly,3953.11,6,48,Card
BX02378,2026-03-15,2026-07-18,20,Female,Kochi,Quarterly,2811.04,4,70,UPI
BX02379,2025-02-14,,18,Female,Ahmedabad,Annual,10170.55,16,90,Other
BX02380,2024-06-19,2024-10-29,35,Male,Mumbai,Quarterly,2162.79,3,45,Card
BX02381,2025-01-01,2025-10-16,20,Female,Delhi,Monthly,6292.29,8,45,Card
BX02382,2026-04-20,2026-07-19,23,Male,Pune,Quarterly,1353.41,2,68,UPI
BX02383,2024-01-10,,20,Female,Jaipur,Monthly,23900.35,31,58,PayPal
BX02384,2025-06-04,2025-10-16,18,Male,Hyderabad,Monthly,2613.66,3,26,UPI
BX02385,2024-02-04,2024-09-19,32,Female,Pune,Monthly,5864.71,7,61,Other
BX02386,2023-08-27,2023-10-28,24,Male,Pune,Monthly,2289.68,3,75,UPI
BX02387,2026-04-17,2026-07-20,23,Female,Mumbai,Quarterly,2606.32,4,93,Card
BX02388,2025-04-08,,38,Female,Ahmedabad,Monthly,10918.63,15,86,Card
BX02389,2025-08-10,,38,Female,Jaipur,Monthly,7604.53,10,34,Other
BX02390,2024-12-05,,29,Male,Bengaluru,Monthly,17467.25,20,33,PayPal
BX02391,2025-01-24,,34,Female,Kochi,Quarterly,12313.11,18,87,Card
BX02392,2026-04-10,,33,Female,Delhi,Annual,1193.47,2,79,Card
BX02393,2023-09-29,,26,Other,Chennai,Quarterly,23840.08,34,74,UPI
BX02394,2024-02-27,,32,Male,Coimbatore,Annual,17265.79,29,99,Card
BX02395,2024-08-12,,38,Male,Chennai,Monthly,17443.44,23,62,Card
BX02396,2023-12-19,,42,Male,Kolkata,Quarterly,21619.59,32,99,Other
BX02397,2024-07-11,2024-09-18,27,Male,Coimbatore,Annual,1150.7,2,40,UPI
BX02398,2024-12-23,,18,Male,Hyderabad,Monthly,15843.41,20,65,Card
BX02399,2026-01-04,,33,Male,Mumbai,Monthly,5140.43,6,79,UPI
BX02400,2025-06-20,2025-07-25,34,Female,Coimbatore,Monthly,0.0,0,87,Other
